<eagle version="6.1"><drawing><settings><setting alwaysvectorfont="no" verticaltext="up"/></settings><grid distance="0.1" unitdist="inch" unit="inch" style="lines" multiple="1" display="no" altdistance="0.01" altunitdist="inch" altunit="inch"/><layers><layer number="91" name="Nets" color="2" fill="1" visible="yes" active="yes"/><layer number="92" name="Busses" color="1" fill="1" visible="yes" active="yes"/><layer number="93" name="Pins" color="2" fill="1" visible="no" active="yes"/><layer number="94" name="Symbols" color="4" fill="1" visible="yes" active="yes"/><layer number="95" name="Names" color="7" fill="1" visible="yes" active="yes"/><layer number="96" name="Values" color="7" fill="1" visible="yes" active="yes"/><layer number="97" name="Info" color="7" fill="1" visible="yes" active="yes"/><layer number="98" name="Guide" color="6" fill="1" visible="yes" active="yes"/></layers><schematic><libraries><library name="AcceleratedDesigns_Lib"><packages><package name="0402"><pad name="1" drill="0" y="0" x="-0.4191"/><pad name="2" drill="0" y="0" x="0.4191"/></package><package name="MXA16A"><pad name="1" drill="0" y="2.275" x="-2.8"/><pad name="2" drill="0" y="1.625" x="-2.8"/><pad name="3" drill="0" y="0.975" x="-2.8"/><pad name="4" drill="0" y="0.325" x="-2.8"/><pad name="5" drill="0" y="-0.325" x="-2.8"/><pad name="6" drill="0" y="-0.975" x="-2.8"/><pad name="7" drill="0" y="-1.625" x="-2.8"/><pad name="8" drill="0" y="-2.275" x="-2.8"/><pad name="9" drill="0" y="-2.275" x="2.8"/><pad name="10" drill="0" y="-1.625" x="2.8"/><pad name="11" drill="0" y="-0.975" x="2.8"/><pad name="12" drill="0" y="-0.325" x="2.8"/><pad name="13" drill="0" y="0.325" x="2.8"/><pad name="14" drill="0" y="0.975" x="2.8"/><pad name="15" drill="0" y="1.625" x="2.8"/><pad name="16" drill="0" y="2.275" x="2.8"/><pad name="17" drill="0" y="0" x="0"/></package><package name="0603"><pad name="1" drill="0" y="0" x="-0.6985"/><pad name="2" drill="0" y="0" x="0.6985"/></package><package name="0805"><pad name="1" drill="0" y="0" x="-0.9017"/><pad name="2" drill="0" y="0" x="0.9017"/></package><package name="DNH0008A"><pad name="1" drill="0" y="0.975" x="-1.55"/><pad name="2" drill="0" y="0.325" x="-1.55"/><pad name="3" drill="0" y="-0.325" x="-1.55"/><pad name="4" drill="0" y="-0.975" x="-1.55"/><pad name="5" drill="0" y="-0.975" x="1.55"/><pad name="6" drill="0" y="-0.325" x="1.55"/><pad name="7" drill="0" y="0.325" x="1.55"/><pad name="8" drill="0" y="0.975" x="1.55"/><pad name="9" drill="0" y="0" x="0.645"/></package><package name="0201"><pad name="1" drill="0" y="0" x="-0.2921"/><pad name="2" drill="0" y="0" x="0.2921"/></package><package name="SMC"><pad name="1" drill="0" y="0" x="-3.3147"/><pad name="2" drill="0" y="0" x="3.3147"/></package><package name="MLC1565"><pad name="1" drill="0" y="0" x="-5.2006"/><pad name="2" drill="0" y="0" x="5.2006"/></package><package name="0612"><pad name="1" drill="0" y="0" x="-0.9525"/><pad name="2" drill="0" y="0" x="0.9525"/></package><package name="CAPSMT_62_E7"><pad name="1" drill="0" y="0" x="-2.9718"/><pad name="2" drill="0" y="0" x="2.9718"/></package><package name="WB_GND"><pad name="1" drill="0" y="0" x="0"/></package><package name="WB_CURRENT_LOAD"><pad name="1" drill="0" y="0" x="0"/><pad name="2" drill="0" y="0" x="0"/></package><package name="WB_BATTERY"><pad name="1" drill="0" y="0" x="0"/><pad name="2" drill="0" y="0" x="0"/></package></packages><symbols><symbol name="CRCW04021K65FKED@1"><pin name="1@1" x="7.62" y="0" rot="MR0" direction="pas" length="short" visible="off" swaplevel="0"/><pin name="2@2" x="-7.62" y="0" rot="MR180" direction="pas" length="short" visible="off" swaplevel="0"/><wire x1="7.62" y1="0" x2="5.08" y2="0" width="0.1524" layer="94"/><wire x1="5.08" y1="0" x2="3.81" y2="1.524" width="0.1524" layer="94"/><wire x1="3.81" y1="1.524" x2="1.905" y2="-1.524" width="0.1524" layer="94"/><wire x1="1.905" y1="-1.524" x2="0" y2="1.524" width="0.1524" layer="94"/><wire x1="0" y1="1.524" x2="-1.905" y2="-1.524" width="0.1524" layer="94"/><wire x1="-1.905" y1="-1.524" x2="-3.81" y2="1.524" width="0.1524" layer="94"/><wire x1="-3.81" y1="1.524" x2="-5.08" y2="0" width="0.1524" layer="94"/><wire x1="-5.08" y1="0" x2="-7.62" y2="0" width="0.1524" layer="94"/><text size="2" x="0" y="5.715" layer="95" align="center">&gt;NAME</text><text size="2" x="0" y="3.175" layer="96" align="center">&gt;VALUE</text></symbol><symbol name="RT0805BRD0727K7L@1"><pin name="1@1" x="7.62" y="0" rot="MR0" direction="pas" length="short" visible="off" swaplevel="0"/><pin name="2@2" x="-7.62" y="0" rot="MR180" direction="pas" length="short" visible="off" swaplevel="0"/><wire x1="7.62" y1="0" x2="5.08" y2="0" width="0.1524" layer="94"/><wire x1="5.08" y1="0" x2="3.81" y2="1.524" width="0.1524" layer="94"/><wire x1="3.81" y1="1.524" x2="1.905" y2="-1.524" width="0.1524" layer="94"/><wire x1="1.905" y1="-1.524" x2="0" y2="1.524" width="0.1524" layer="94"/><wire x1="0" y1="1.524" x2="-1.905" y2="-1.524" width="0.1524" layer="94"/><wire x1="-1.905" y1="-1.524" x2="-3.81" y2="1.524" width="0.1524" layer="94"/><wire x1="-3.81" y1="1.524" x2="-5.08" y2="0" width="0.1524" layer="94"/><wire x1="-5.08" y1="0" x2="-7.62" y2="0" width="0.1524" layer="94"/><text size="2" x="0" y="5.715" layer="95" align="center">&gt;NAME</text><text size="2" x="0" y="3.175" layer="96" align="center">&gt;VALUE</text></symbol><symbol name="LM25088MH-1/NOPB@1"><pin name="VIN@1" x="0" y="40.64" rot="MR270" direction="pas" length="short" visible="both" swaplevel="0"/><pin name="EN@2" x="-22.86" y="35.56" rot="MR180" direction="pas" length="short" visible="both" swaplevel="0"/><pin name="SS@3" x="-22.86" y="-30.48" rot="MR180" direction="pas" length="short" visible="both" swaplevel="0"/><pin name="RAMP@4" x="-22.86" y="-15.24" rot="MR180" direction="pas" length="short" visible="both" swaplevel="0"/><pin name="RT_SYNC@5" x="-22.86" y="-22.86" rot="MR180" direction="pas" length="short" visible="both" swaplevel="0"/><pin name="GND@6" x="-7.62" y="-40.64" rot="MR90" direction="pas" length="short" visible="both" swaplevel="0"/><pin name="COMP@8" x="7.62" y="-40.64" rot="MR90" direction="pas" length="short" visible="both" swaplevel="0"/><pin name="FB@9" x="22.86" y="-30.48" rot="MR0" direction="pas" length="short" visible="both" swaplevel="0"/><pin name="OUT@10" x="22.86" y="-22.86" rot="MR0" direction="pas" length="short" visible="both" swaplevel="0"/><pin name="RES_DITH@11" x="-22.86" y="30.48" rot="MR180" direction="pas" length="short" visible="both" swaplevel="0"/><pin name="CSG@12" x="22.86" y="-12.7" rot="MR0" direction="pas" length="short" visible="both" swaplevel="0"/><pin name="CS@13" x="22.86" y="2.54" rot="MR0" direction="pas" length="short" visible="both" swaplevel="0"/><pin name="SW@14" x="22.86" y="17.78" rot="MR0" direction="pas" length="short" visible="both" swaplevel="0"/><pin name="HG@15" x="22.86" y="25.4" rot="MR0" direction="pas" length="short" visible="both" swaplevel="0"/><pin name="BOOT@16" x="22.86" y="35.56" rot="MR0" direction="pas" length="short" visible="both" swaplevel="0"/><pin name="VCC@17" x="-22.86" y="5.08" rot="MR180" direction="pas" length="short" visible="both" swaplevel="0"/><wire x1="-20.32" y1="38.1" x2="20.32" y2="38.1" width="0.1524" layer="94"/><wire x1="20.32" y1="38.1" x2="20.32" y2="-38.1" width="0.1524" layer="94"/><wire x1="20.32" y1="-38.1" x2="-20.32" y2="-38.1" width="0.1524" layer="94"/><wire x1="-20.32" y1="-38.1" x2="-20.32" y2="38.1" width="0.1524" layer="94"/><wire x1="0" y1="40.64" x2="0" y2="38.1" width="0.1524" layer="94"/><wire x1="-22.86" y1="35.56" x2="-20.32" y2="35.56" width="0.1524" layer="94"/><wire x1="-22.86" y1="-30.48" x2="-20.32" y2="-30.48" width="0.1524" layer="94"/><wire x1="-22.86" y1="-15.24" x2="-20.32" y2="-15.24" width="0.1524" layer="94"/><wire x1="-22.86" y1="-22.86" x2="-20.32" y2="-22.86" width="0.1524" layer="94"/><wire x1="-7.62" y1="-40.64" x2="-7.62" y2="-38.1" width="0.1524" layer="94"/><wire x1="7.62" y1="-40.64" x2="7.62" y2="-38.1" width="0.1524" layer="94"/><wire x1="22.86" y1="-30.48" x2="20.32" y2="-30.48" width="0.1524" layer="94"/><wire x1="22.86" y1="-22.86" x2="20.32" y2="-22.86" width="0.1524" layer="94"/><wire x1="-22.86" y1="30.48" x2="-20.32" y2="30.48" width="0.1524" layer="94"/><wire x1="22.86" y1="-12.7" x2="20.32" y2="-12.7" width="0.1524" layer="94"/><wire x1="22.86" y1="2.54" x2="20.32" y2="2.54" width="0.1524" layer="94"/><wire x1="22.86" y1="17.78" x2="20.32" y2="17.78" width="0.1524" layer="94"/><wire x1="22.86" y1="25.4" x2="20.32" y2="25.4" width="0.1524" layer="94"/><wire x1="22.86" y1="35.56" x2="20.32" y2="35.56" width="0.1524" layer="94"/><wire x1="-22.86" y1="5.08" x2="-20.32" y2="5.08" width="0.1524" layer="94"/><text size="2" x="-0.30589247311828" y="4.35896774193547" layer="95" align="center">&gt;NAME</text><text size="2" x="-0.30589247311828" y="-3.90012903225806" layer="96" align="center">&gt;VALUE</text><pin name="EP@7" x="-7.62" y="-40.64" rot="MR90" direction="pas" length="short" visible="off" swaplevel="0"/></symbol><symbol name="CRCW04023K57FKED@1"><pin name="1@1" x="7.62" y="0" rot="MR0" direction="pas" length="short" visible="off" swaplevel="0"/><pin name="2@2" x="-7.62" y="0" rot="MR180" direction="pas" length="short" visible="off" swaplevel="0"/><wire x1="7.62" y1="0" x2="5.08" y2="0" width="0.1524" layer="94"/><wire x1="5.08" y1="0" x2="3.81" y2="1.524" width="0.1524" layer="94"/><wire x1="3.81" y1="1.524" x2="1.905" y2="-1.524" width="0.1524" layer="94"/><wire x1="1.905" y1="-1.524" x2="0" y2="1.524" width="0.1524" layer="94"/><wire x1="0" y1="1.524" x2="-1.905" y2="-1.524" width="0.1524" layer="94"/><wire x1="-1.905" y1="-1.524" x2="-3.81" y2="1.524" width="0.1524" layer="94"/><wire x1="-3.81" y1="1.524" x2="-5.08" y2="0" width="0.1524" layer="94"/><wire x1="-5.08" y1="0" x2="-7.62" y2="0" width="0.1524" layer="94"/><text size="2" x="0" y="5.715" layer="95" align="center">&gt;NAME</text><text size="2" x="0" y="3.175" layer="96" align="center">&gt;VALUE</text></symbol><symbol name="CRCW060341K2FKEA@1"><pin name="1@1" x="7.62" y="0" rot="MR0" direction="pas" length="short" visible="off" swaplevel="0"/><pin name="2@2" x="-7.62" y="0" rot="MR180" direction="pas" length="short" visible="off" swaplevel="0"/><wire x1="7.62" y1="0" x2="5.08" y2="0" width="0.1524" layer="94"/><wire x1="5.08" y1="0" x2="3.81" y2="1.524" width="0.1524" layer="94"/><wire x1="3.81" y1="1.524" x2="1.905" y2="-1.524" width="0.1524" layer="94"/><wire x1="1.905" y1="-1.524" x2="0" y2="1.524" width="0.1524" layer="94"/><wire x1="0" y1="1.524" x2="-1.905" y2="-1.524" width="0.1524" layer="94"/><wire x1="-1.905" y1="-1.524" x2="-3.81" y2="1.524" width="0.1524" layer="94"/><wire x1="-3.81" y1="1.524" x2="-5.08" y2="0" width="0.1524" layer="94"/><wire x1="-5.08" y1="0" x2="-7.62" y2="0" width="0.1524" layer="94"/><text size="2" x="0" y="5.715" layer="95" align="center">&gt;NAME</text><text size="2" x="0" y="3.175" layer="96" align="center">&gt;VALUE</text></symbol><symbol name="C2012X5R1H225K125AB@1"><pin name="1@1" x="7.62" y="0" rot="MR0" direction="pas" length="short" visible="off" swaplevel="0"/><pin name="2@2" x="-7.62" y="0" rot="MR180" direction="pas" length="short" visible="off" swaplevel="0"/><wire x1="7.62" y1="0" x2="5.08" y2="0" width="0.1524" layer="94"/><wire x1="-7.62" y1="0" x2="-5.08" y2="0" width="0.1524" layer="94"/><wire x1="0.762" y1="-3.048" x2="0.762" y2="3.048" width="0.1524" layer="94"/><wire x1="-5.08" y1="0" x2="-0.762" y2="0" width="0.1524" layer="94"/><wire x1="0.762" y1="0" x2="5.08" y2="0" width="0.1524" layer="94"/><wire x1="-0.762" y1="-3.048" x2="-0.762" y2="3.048" width="0.1524" layer="94"/><text size="2" x="0" y="7.62" layer="95" align="center">&gt;NAME</text><text size="2" x="0" y="5.08" layer="96" align="center">&gt;VALUE</text></symbol><symbol name="GRM1555C1H511GA01D@1"><pin name="1@1" x="7.62" y="0" rot="MR0" direction="pas" length="short" visible="off" swaplevel="0"/><pin name="2@2" x="-7.62" y="0" rot="MR180" direction="pas" length="short" visible="off" swaplevel="0"/><wire x1="7.62" y1="0" x2="5.08" y2="0" width="0.1524" layer="94"/><wire x1="-7.62" y1="0" x2="-5.08" y2="0" width="0.1524" layer="94"/><wire x1="0.762" y1="-3.048" x2="0.762" y2="3.048" width="0.1524" layer="94"/><wire x1="-5.08" y1="0" x2="-0.762" y2="0" width="0.1524" layer="94"/><wire x1="0.762" y1="0" x2="5.08" y2="0" width="0.1524" layer="94"/><wire x1="-0.762" y1="-3.048" x2="-0.762" y2="3.048" width="0.1524" layer="94"/><text size="2" x="0" y="7.62" layer="95" align="center">&gt;NAME</text><text size="2" x="0" y="5.08" layer="96" align="center">&gt;VALUE</text></symbol><symbol name="WB_GND@1"><pin name="1@1" x="0" y="2.54" rot="MR270" direction="pas" length="short" visible="off" swaplevel="0"/><wire x1="0" y1="2.54" x2="0" y2="0" width="0.1524" layer="94"/><wire x1="-3.302" y1="0" x2="3.302" y2="0" width="0.1524" layer="94"/><wire x1="-2.286" y1="-1.016" x2="2.286" y2="-1.016" width="0.1524" layer="94"/><wire x1="-0.762" y1="-2.032" x2="0.762" y2="-2.032" width="0.1524" layer="94"/></symbol><symbol name="C1608X5R1H684K080AB@1"><pin name="1@1" x="7.62" y="0" rot="MR0" direction="pas" length="short" visible="off" swaplevel="0"/><pin name="2@2" x="-7.62" y="0" rot="MR180" direction="pas" length="short" visible="off" swaplevel="0"/><wire x1="7.62" y1="0" x2="5.08" y2="0" width="0.1524" layer="94"/><wire x1="-7.62" y1="0" x2="-5.08" y2="0" width="0.1524" layer="94"/><wire x1="0.762" y1="-3.048" x2="0.762" y2="3.048" width="0.1524" layer="94"/><wire x1="-5.08" y1="0" x2="-0.762" y2="0" width="0.1524" layer="94"/><wire x1="0.762" y1="0" x2="5.08" y2="0" width="0.1524" layer="94"/><wire x1="-0.762" y1="-3.048" x2="-0.762" y2="3.048" width="0.1524" layer="94"/><text size="2" x="0" y="7.62" layer="95" align="center">&gt;NAME</text><text size="2" x="0" y="5.08" layer="96" align="center">&gt;VALUE</text></symbol><symbol name="CSD18543Q3A@1"><pin name="Drain@1" x="3.81" y="7.62" rot="MR270" direction="pas" length="short" visible="both" swaplevel="0"/><pin name="Gate@6" x="3.81" y="-7.62" rot="MR90" direction="pas" length="short" visible="both" swaplevel="0"/><pin name="Source@7" x="-3.81" y="0" rot="MR180" direction="pas" length="short" visible="both" swaplevel="0"/><wire x1="-3.81" y1="0" x2="-1.27" y2="0" width="0.1524" layer="94"/><wire x1="3.81" y1="7.62" x2="3.81" y2="5.08" width="0.1524" layer="94"/><wire x1="3.81" y1="-7.62" x2="3.81" y2="-5.08" width="0.1524" layer="94"/><wire x1="1.016" y1="2.54" x2="1.016" y2="-2.54" width="0.1524" layer="94"/><wire x1="3.81" y1="2.54" x2="3.81" y2="2.032" width="0.1524" layer="94"/><wire x1="3.81" y1="2.032" x2="1.27" y2="2.032" width="0.1524" layer="94"/><wire x1="2.794" y1="0" x2="3.81" y2="0" width="0.1524" layer="94"/><wire x1="3.81" y1="0" x2="3.81" y2="-2.54" width="0.1524" layer="94"/><wire x1="1.27" y1="-2.032" x2="3.556" y2="-2.032" width="0.1524" layer="94"/><wire x1="3.81" y1="2.54" x2="3.81" y2="2.032" width="0.1524" layer="94"/><wire x1="3.81" y1="2.032" x2="1.016" y2="2.032" width="0.1524" layer="94"/><wire x1="1.016" y1="2.54" x2="1.016" y2="-2.54" width="0.1524" layer="94"/><wire x1="1.016" y1="-2.032" x2="3.81" y2="-2.032" width="0.1524" layer="94"/><wire x1="1.016" y1="0" x2="2.286" y2="1.27" width="0.1524" layer="94"/><wire x1="2.286" y1="1.27" x2="2.286" y2="-1.27" width="0.1524" layer="94"/><wire x1="2.286" y1="-1.27" x2="1.016" y2="0" width="0.1524" layer="94"/><wire x1="2.286" y1="0" x2="3.81" y2="0" width="0.1524" layer="94"/><wire x1="3.81" y1="0" x2="3.81" y2="-2.54" width="0.1524" layer="94"/><wire x1="-1.27" y1="0" x2="0" y2="0" width="0.1524" layer="94"/><wire x1="0" y1="-2.54" x2="0" y2="2.54" width="0.1524" layer="94"/><wire x1="3.81" y1="5.08" x2="3.81" y2="2.54" width="0.1524" layer="94"/><wire x1="3.81" y1="-2.54" x2="3.81" y2="-5.08" width="0.1524" layer="94"/><text size="2" x="0" y="0" layer="95" align="center">&gt;NAME</text><text size="2" x="0" y="0" layer="96" align="center">&gt;VALUE</text><pin name="Drain@2" x="3.81" y="7.62" rot="MR270" direction="pas" length="short" visible="off" swaplevel="0"/><pin name="Drain@3" x="3.81" y="7.62" rot="MR270" direction="pas" length="short" visible="off" swaplevel="0"/><pin name="Drain@4" x="3.81" y="7.62" rot="MR270" direction="pas" length="short" visible="off" swaplevel="0"/><pin name="Drain@5" x="3.81" y="7.62" rot="MR270" direction="pas" length="short" visible="off" swaplevel="0"/><pin name="Source@8" x="-3.81" y="0" rot="MR180" direction="pas" length="short" visible="off" swaplevel="0"/><pin name="Source@9" x="-3.81" y="0" rot="MR180" direction="pas" length="short" visible="off" swaplevel="0"/></symbol><symbol name="GRM033R60J223KE01D@1"><pin name="1@1" x="7.62" y="0" rot="MR0" direction="pas" length="short" visible="off" swaplevel="0"/><pin name="2@2" x="-7.62" y="0" rot="MR180" direction="pas" length="short" visible="off" swaplevel="0"/><wire x1="7.62" y1="0" x2="5.08" y2="0" width="0.1524" layer="94"/><wire x1="-7.62" y1="0" x2="-5.08" y2="0" width="0.1524" layer="94"/><wire x1="0.762" y1="-3.048" x2="0.762" y2="3.048" width="0.1524" layer="94"/><wire x1="-5.08" y1="0" x2="-0.762" y2="0" width="0.1524" layer="94"/><wire x1="0.762" y1="0" x2="5.08" y2="0" width="0.1524" layer="94"/><wire x1="-0.762" y1="-3.048" x2="-0.762" y2="3.048" width="0.1524" layer="94"/><text size="2" x="0" y="7.62" layer="95" align="center">&gt;NAME</text><text size="2" x="0" y="5.08" layer="96" align="center">&gt;VALUE</text></symbol><symbol name="EMK107B7105KA-T@1"><pin name="1@1" x="7.62" y="0" rot="MR0" direction="pas" length="short" visible="off" swaplevel="0"/><pin name="2@2" x="-7.62" y="0" rot="MR180" direction="pas" length="short" visible="off" swaplevel="0"/><wire x1="7.62" y1="0" x2="5.08" y2="0" width="0.1524" layer="94"/><wire x1="-7.62" y1="0" x2="-5.08" y2="0" width="0.1524" layer="94"/><wire x1="0.762" y1="-3.048" x2="0.762" y2="3.048" width="0.1524" layer="94"/><wire x1="-5.08" y1="0" x2="-0.762" y2="0" width="0.1524" layer="94"/><wire x1="0.762" y1="0" x2="5.08" y2="0" width="0.1524" layer="94"/><wire x1="-0.762" y1="-3.048" x2="-0.762" y2="3.048" width="0.1524" layer="94"/><text size="2" x="0" y="7.62" layer="95" align="center">&gt;NAME</text><text size="2" x="0" y="5.08" layer="96" align="center">&gt;VALUE</text></symbol><symbol name="B560C-13-F@1"><pin name="A@1" x="7.62" y="0" rot="MR0" direction="pas" length="short" visible="off" swaplevel="0"/><pin name="K@2" x="-7.62" y="0" rot="MR180" direction="pas" length="short" visible="off" swaplevel="0"/><wire x1="-7.62" y1="0" x2="7.62" y2="0" width="0.1524" layer="94"/><polygon width="0.1524" layer="94"><vertex x="2.032" y="2.54"/><vertex x="-2.032" y="0"/><vertex x="2.032" y="-2.54"/></polygon><wire x1="-2.794" y1="2.032" x2="-2.794" y2="2.54" width="0.1524" layer="94"/><wire x1="-2.794" y1="2.54" x2="-2.032" y2="2.54" width="0.1524" layer="94"/><wire x1="-2.032" y1="2.54" x2="-2.032" y2="-2.54" width="0.1524" layer="94"/><wire x1="-2.032" y1="-2.54" x2="-1.27" y2="-2.54" width="0.1524" layer="94"/><wire x1="-1.27" y1="-2.54" x2="-1.27" y2="-2.032" width="0.1524" layer="94"/><text size="2" x="0" y="10.16" layer="95" align="center">&gt;NAME</text><text size="2" x="0" y="7.62" layer="96" align="center">&gt;VALUE</text></symbol><symbol name="CL10C301JB8NNNC@1"><pin name="1@1" x="7.62" y="0" rot="MR0" direction="pas" length="short" visible="off" swaplevel="0"/><pin name="2@2" x="-7.62" y="0" rot="MR180" direction="pas" length="short" visible="off" swaplevel="0"/><wire x1="7.62" y1="0" x2="5.08" y2="0" width="0.1524" layer="94"/><wire x1="-7.62" y1="0" x2="-5.08" y2="0" width="0.1524" layer="94"/><wire x1="0.762" y1="-3.048" x2="0.762" y2="3.048" width="0.1524" layer="94"/><wire x1="-5.08" y1="0" x2="-0.762" y2="0" width="0.1524" layer="94"/><wire x1="0.762" y1="0" x2="5.08" y2="0" width="0.1524" layer="94"/><wire x1="-0.762" y1="-3.048" x2="-0.762" y2="3.048" width="0.1524" layer="94"/><text size="2" x="0" y="7.62" layer="95" align="center">&gt;NAME</text><text size="2" x="0" y="5.08" layer="96" align="center">&gt;VALUE</text></symbol><symbol name="MLC1565-372MLB@1"><pin name="2@2" x="7.62" y="0" rot="MR0" direction="pas" length="short" visible="off" swaplevel="0"/><pin name="1@1" x="-7.62" y="0" rot="MR180" direction="pas" length="short" visible="off" swaplevel="0"/><wire cap="round" x1="2.70086965376353" y1="0.835686125023295" x2="2.5488127292636" y2="-6.24799789495706E-04" layer="94" curve="12.47546" width="0.1524"/><wire cap="round" x1="3.80990829544782" y1="1.85597139451402" x2="2.69064524918793" y2="0.838459388755286" layer="94" curve="78.62357" width="0.1524"/><wire cap="round" x1="4.90450120907934" y1="0.838494459997258" x2="3.81012877640754" y2="1.85651641360845" layer="94" curve="79.52696" width="0.1524"/><wire cap="round" x1="5.08194212297714" y1="7.65933497371016E-02" x2="4.90412159312222" y2="0.838683789637753" layer="94" curve="2.683002" width="0.1524"/><wire x1="5.08" y1="7.32740090825246E-14" x2="7.62" y2="8.71708039085205E-14" width="0.1524" layer="94"/><wire cap="round" x1="0.160869647012591" y1="0.835686120495971" x2="8.81272251266148E-03" y2="-6.24804316819648E-04" layer="94" curve="12.47546" width="0.1524"/><wire cap="round" x1="1.26990852880952" y1="1.85597126998469" x2="0.150645552335143" y2="0.838459735984588" layer="94" curve="78.62355" width="0.1524"/><wire cap="round" x1="2.36450120579728" y1="0.838494428025542" x2="1.27012877312548" y2="1.85651638163673" layer="94" curve="79.52696" width="0.1524"/><wire cap="round" x1="2.53556331240561" y1="-0.177885354456139" x2="2.35799865867502" y2="0.83677165558159" layer="94" curve="17.67289" width="0.1524"/><wire cap="round" x1="-2.37913022471952" y1="0.835686100537919" x2="-2.53118714921945" y2="-6.24824274872179E-04" layer="94" curve="12.47546" width="0.1524"/><wire cap="round" x1="-1.27009153439261" y1="1.85597127646014" x2="-2.38935453412885" y2="0.838459585207164" layer="94" curve="78.62356" width="0.1524"/><wire cap="round" x1="-0.17549876466415" y1="0.838494473537584" x2="-1.26987119733595" y2="1.85651642714878" layer="94" curve="79.52696" width="0.1524"/><wire cap="round" x1="-4.43666361586885E-03" y1="-0.177885358125391" x2="-0.182001317346461" y2="0.836771651912338" layer="94" curve="17.67289" width="0.1524"/><wire x1="-7.62" y1="1.31748834064638E-14" x2="-5.08" y2="1.3716316971113E-14" width="0.1524" layer="94"/><wire cap="round" x1="-4.91913036648931" y1="0.835686111441321" x2="-5.07118729098924" y2="-6.2481337147006E-04" layer="94" curve="12.47546" width="0.1524"/><wire cap="round" x1="-3.81009141933233" y1="1.85597124231149" x2="-4.9293543958067" y2="0.838459708311387" layer="94" curve="78.62355" width="0.1524"/><wire cap="round" x1="-2.71549867276639" y1="0.838494472482158" x2="-3.80987126078252" y2="1.85651643468738" layer="94" curve="79.52697" width="0.1524"/><wire cap="round" x1="-2.54443665882017" y1="-0.177885354014588" x2="-2.72200131255076" y2="0.836771656023141" layer="94" curve="17.67289" width="0.1524"/><wire cap="round" x1="-2.54499763137906" y1="2.51755460236626E-03" x2="-2.54499765572502" y2="-0.180317541662839" layer="94" curve="53.47319" width="0.1524"/><wire cap="round" x1="-4.99761237348031E-03" y1="2.51757271580121E-03" x2="-4.9976367194459E-03" y2="-0.180317523549404" layer="94" curve="53.47319" width="0.1524"/><wire cap="round" x1="2.53500243197289" y1="2.51757460827418E-03" x2="2.53500238936746" y2="-0.180317485409697" layer="94" curve="53.47318" width="0.1524"/><text size="2" x="0" y="5.715" layer="95" align="center">&gt;NAME</text><text size="2" x="0" y="3.175" layer="96" align="center">&gt;VALUE</text></symbol><symbol name="RC0201FR-0710KL@1"><pin name="1@1" x="7.62" y="0" rot="MR0" direction="pas" length="short" visible="off" swaplevel="0"/><pin name="2@2" x="-7.62" y="0" rot="MR180" direction="pas" length="short" visible="off" swaplevel="0"/><wire x1="7.62" y1="0" x2="5.08" y2="0" width="0.1524" layer="94"/><wire x1="5.08" y1="0" x2="3.81" y2="1.524" width="0.1524" layer="94"/><wire x1="3.81" y1="1.524" x2="1.905" y2="-1.524" width="0.1524" layer="94"/><wire x1="1.905" y1="-1.524" x2="0" y2="1.524" width="0.1524" layer="94"/><wire x1="0" y1="1.524" x2="-1.905" y2="-1.524" width="0.1524" layer="94"/><wire x1="-1.905" y1="-1.524" x2="-3.81" y2="1.524" width="0.1524" layer="94"/><wire x1="-3.81" y1="1.524" x2="-5.08" y2="0" width="0.1524" layer="94"/><wire x1="-5.08" y1="0" x2="-7.62" y2="0" width="0.1524" layer="94"/><text size="2" x="0" y="5.715" layer="95" align="center">&gt;NAME</text><text size="2" x="0" y="3.175" layer="96" align="center">&gt;VALUE</text></symbol><symbol name="WB_CURRENT_LOAD@1"><pin name="+@1" x="-7.62" y="0" rot="MR180" direction="pas" length="short" visible="off" swaplevel="0"/><pin name="-@2" x="7.62" y="0" rot="MR0" direction="pas" length="short" visible="off" swaplevel="0"/><wire cap="round" x1="-3.80144541893069" y1="6.11111003035226E-05" x2="-2.68631595182662" y2="-2.68638598005626" layer="94" curve="44.25835" width="0.1524"/><wire cap="round" x1="-2.7008340002096" y1="-2.70084492188432" x2="-3.010245531766E-05" y2="-3.82193519093877" layer="94" curve="44.8182" width="0.1524"/><wire cap="round" x1="-1.47901228405671E-05" y1="-3.81607473385618" x2="2.69671339012067" y2="-2.69667753776659" layer="94" curve="45.38076" width="0.1524"/><wire cap="round" x1="2.69020543466835" y1="-2.69018253944063" x2="3.80688023502889" y2="-1.58895406142942E-05" layer="94" curve="45.58721" width="0.1524"/><wire cap="round" x1="3.80144542387741" y1="-6.17958751984642E-05" x2="2.68631643327033" y2="2.68638549307261" layer="94" curve="44.25835" width="0.1524"/><wire cap="round" x1="2.70083237377049" y1="2.70084654561062" x2="2.78042467919214E-05" y2="3.82193519631281" layer="94" curve="44.8182" width="0.1524"/><wire cap="round" x1="1.57980194586995E-05" y1="3.81607473126472" x2="-2.69671268033746" y2="2.69667825335733" layer="94" curve="45.38076" width="0.1524"/><wire cap="round" x1="-2.69020543466835" y1="2.69018253944063" x2="-3.80688023502889" y2="1.58895406171733E-05" layer="94" curve="45.58721" width="0.1524"/><wire x1="7.62" y1="0" x2="3.81" y2="0" width="0.1524" layer="94"/><wire x1="-3.81" y1="0" x2="-7.62" y2="0" width="0.1524" layer="94"/><wire x1="0.762" y1="-1.778" x2="3.048" y2="0" width="0.1524" layer="94"/><wire x1="0.762" y1="1.778" x2="3.048" y2="0" width="0.1524" layer="94"/><wire x1="3.048" y1="0" x2="-3.048" y2="0" width="0.1524" layer="94"/></symbol><symbol name="TMK212BJ474KD-T@1"><pin name="1@1" x="7.62" y="0" rot="MR0" direction="pas" length="short" visible="off" swaplevel="0"/><pin name="2@2" x="-7.62" y="0" rot="MR180" direction="pas" length="short" visible="off" swaplevel="0"/><wire x1="7.62" y1="0" x2="5.08" y2="0" width="0.1524" layer="94"/><wire x1="-7.62" y1="0" x2="-5.08" y2="0" width="0.1524" layer="94"/><wire x1="0.762" y1="-3.048" x2="0.762" y2="3.048" width="0.1524" layer="94"/><wire x1="-5.08" y1="0" x2="-0.762" y2="0" width="0.1524" layer="94"/><wire x1="0.762" y1="0" x2="5.08" y2="0" width="0.1524" layer="94"/><wire x1="-0.762" y1="-3.048" x2="-0.762" y2="3.048" width="0.1524" layer="94"/><text size="2" x="0" y="7.62" layer="95" align="center">&gt;NAME</text><text size="2" x="0" y="5.08" layer="96" align="center">&gt;VALUE</text></symbol><symbol name="RC0603FR-077K87L@1"><pin name="1@1" x="7.62" y="0" rot="MR0" direction="pas" length="short" visible="off" swaplevel="0"/><pin name="2@2" x="-7.62" y="0" rot="MR180" direction="pas" length="short" visible="off" swaplevel="0"/><wire x1="7.62" y1="0" x2="5.08" y2="0" width="0.1524" layer="94"/><wire x1="5.08" y1="0" x2="3.81" y2="1.524" width="0.1524" layer="94"/><wire x1="3.81" y1="1.524" x2="1.905" y2="-1.524" width="0.1524" layer="94"/><wire x1="1.905" y1="-1.524" x2="0" y2="1.524" width="0.1524" layer="94"/><wire x1="0" y1="1.524" x2="-1.905" y2="-1.524" width="0.1524" layer="94"/><wire x1="-1.905" y1="-1.524" x2="-3.81" y2="1.524" width="0.1524" layer="94"/><wire x1="-3.81" y1="1.524" x2="-5.08" y2="0" width="0.1524" layer="94"/><wire x1="-5.08" y1="0" x2="-7.62" y2="0" width="0.1524" layer="94"/><text size="2" x="0" y="5.715" layer="95" align="center">&gt;NAME</text><text size="2" x="0" y="3.175" layer="96" align="center">&gt;VALUE</text></symbol><symbol name="CL21C331JBANNNC@1"><pin name="1@1" x="7.62" y="0" rot="MR0" direction="pas" length="short" visible="off" swaplevel="0"/><pin name="2@2" x="-7.62" y="0" rot="MR180" direction="pas" length="short" visible="off" swaplevel="0"/><wire x1="7.62" y1="0" x2="5.08" y2="0" width="0.1524" layer="94"/><wire x1="-7.62" y1="0" x2="-5.08" y2="0" width="0.1524" layer="94"/><wire x1="0.762" y1="-3.048" x2="0.762" y2="3.048" width="0.1524" layer="94"/><wire x1="-5.08" y1="0" x2="-0.762" y2="0" width="0.1524" layer="94"/><wire x1="0.762" y1="0" x2="5.08" y2="0" width="0.1524" layer="94"/><wire x1="-0.762" y1="-3.048" x2="-0.762" y2="3.048" width="0.1524" layer="94"/><text size="2" x="0" y="7.62" layer="95" align="center">&gt;NAME</text><text size="2" x="0" y="5.08" layer="96" align="center">&gt;VALUE</text></symbol><symbol name="GRM155R71C104KA88D@1"><pin name="1@1" x="7.62" y="0" rot="MR0" direction="pas" length="short" visible="off" swaplevel="0"/><pin name="2@2" x="-7.62" y="0" rot="MR180" direction="pas" length="short" visible="off" swaplevel="0"/><wire x1="7.62" y1="0" x2="5.08" y2="0" width="0.1524" layer="94"/><wire x1="-7.62" y1="0" x2="-5.08" y2="0" width="0.1524" layer="94"/><wire x1="0.762" y1="-3.048" x2="0.762" y2="3.048" width="0.1524" layer="94"/><wire x1="-5.08" y1="0" x2="-0.762" y2="0" width="0.1524" layer="94"/><wire x1="0.762" y1="0" x2="5.08" y2="0" width="0.1524" layer="94"/><wire x1="-0.762" y1="-3.048" x2="-0.762" y2="3.048" width="0.1524" layer="94"/><text size="2" x="0" y="7.62" layer="95" align="center">&gt;NAME</text><text size="2" x="0" y="5.08" layer="96" align="center">&gt;VALUE</text></symbol><symbol name="C0805C106K8PACTU@1"><pin name="1@1" x="7.62" y="0" rot="MR0" direction="pas" length="short" visible="off" swaplevel="0"/><pin name="2@2" x="-7.62" y="0" rot="MR180" direction="pas" length="short" visible="off" swaplevel="0"/><wire x1="7.62" y1="0" x2="5.08" y2="0" width="0.1524" layer="94"/><wire x1="-7.62" y1="0" x2="-5.08" y2="0" width="0.1524" layer="94"/><wire x1="0.762" y1="-3.048" x2="0.762" y2="3.048" width="0.1524" layer="94"/><wire x1="-5.08" y1="0" x2="-0.762" y2="0" width="0.1524" layer="94"/><wire x1="0.762" y1="0" x2="5.08" y2="0" width="0.1524" layer="94"/><wire x1="-0.762" y1="-3.048" x2="-0.762" y2="3.048" width="0.1524" layer="94"/><text size="2" x="0" y="7.62" layer="95" align="center">&gt;NAME</text><text size="2" x="0" y="5.08" layer="96" align="center">&gt;VALUE</text></symbol><symbol name="CRCW040235K7FKED@1"><pin name="1@1" x="7.62" y="0" rot="MR0" direction="pas" length="short" visible="off" swaplevel="0"/><pin name="2@2" x="-7.62" y="0" rot="MR180" direction="pas" length="short" visible="off" swaplevel="0"/><wire x1="7.62" y1="0" x2="5.08" y2="0" width="0.1524" layer="94"/><wire x1="5.08" y1="0" x2="3.81" y2="1.524" width="0.1524" layer="94"/><wire x1="3.81" y1="1.524" x2="1.905" y2="-1.524" width="0.1524" layer="94"/><wire x1="1.905" y1="-1.524" x2="0" y2="1.524" width="0.1524" layer="94"/><wire x1="0" y1="1.524" x2="-1.905" y2="-1.524" width="0.1524" layer="94"/><wire x1="-1.905" y1="-1.524" x2="-3.81" y2="1.524" width="0.1524" layer="94"/><wire x1="-3.81" y1="1.524" x2="-5.08" y2="0" width="0.1524" layer="94"/><wire x1="-5.08" y1="0" x2="-7.62" y2="0" width="0.1524" layer="94"/><text size="2" x="0" y="5.715" layer="95" align="center">&gt;NAME</text><text size="2" x="0" y="3.175" layer="96" align="center">&gt;VALUE</text></symbol><symbol name="PRL1632-R006-F-T1@1"><pin name="1@1" x="7.62" y="0" rot="MR0" direction="pas" length="short" visible="off" swaplevel="0"/><pin name="2@2" x="-7.62" y="0" rot="MR180" direction="pas" length="short" visible="off" swaplevel="0"/><wire x1="7.62" y1="0" x2="5.08" y2="0" width="0.1524" layer="94"/><wire x1="5.08" y1="0" x2="3.81" y2="1.524" width="0.1524" layer="94"/><wire x1="3.81" y1="1.524" x2="1.905" y2="-1.524" width="0.1524" layer="94"/><wire x1="1.905" y1="-1.524" x2="0" y2="1.524" width="0.1524" layer="94"/><wire x1="0" y1="1.524" x2="-1.905" y2="-1.524" width="0.1524" layer="94"/><wire x1="-1.905" y1="-1.524" x2="-3.81" y2="1.524" width="0.1524" layer="94"/><wire x1="-3.81" y1="1.524" x2="-5.08" y2="0" width="0.1524" layer="94"/><wire x1="-5.08" y1="0" x2="-7.62" y2="0" width="0.1524" layer="94"/><text size="2" x="0" y="5.715" layer="95" align="center">&gt;NAME</text><text size="2" x="0" y="3.175" layer="96" align="center">&gt;VALUE</text></symbol><symbol name="GRM155R71E333KA88D@1"><pin name="1@1" x="7.62" y="0" rot="MR0" direction="pas" length="short" visible="off" swaplevel="0"/><pin name="2@2" x="-7.62" y="0" rot="MR180" direction="pas" length="short" visible="off" swaplevel="0"/><wire x1="7.62" y1="0" x2="5.08" y2="0" width="0.1524" layer="94"/><wire x1="-7.62" y1="0" x2="-5.08" y2="0" width="0.1524" layer="94"/><wire x1="0.762" y1="-3.048" x2="0.762" y2="3.048" width="0.1524" layer="94"/><wire x1="-5.08" y1="0" x2="-0.762" y2="0" width="0.1524" layer="94"/><wire x1="0.762" y1="0" x2="5.08" y2="0" width="0.1524" layer="94"/><wire x1="-0.762" y1="-3.048" x2="-0.762" y2="3.048" width="0.1524" layer="94"/><text size="2" x="0" y="7.62" layer="95" align="center">&gt;NAME</text><text size="2" x="0" y="5.08" layer="96" align="center">&gt;VALUE</text></symbol><symbol name="RC0201FR-0718K7L@1"><pin name="1@1" x="7.62" y="0" rot="MR0" direction="pas" length="short" visible="off" swaplevel="0"/><pin name="2@2" x="-7.62" y="0" rot="MR180" direction="pas" length="short" visible="off" swaplevel="0"/><wire x1="7.62" y1="0" x2="5.08" y2="0" width="0.1524" layer="94"/><wire x1="5.08" y1="0" x2="3.81" y2="1.524" width="0.1524" layer="94"/><wire x1="3.81" y1="1.524" x2="1.905" y2="-1.524" width="0.1524" layer="94"/><wire x1="1.905" y1="-1.524" x2="0" y2="1.524" width="0.1524" layer="94"/><wire x1="0" y1="1.524" x2="-1.905" y2="-1.524" width="0.1524" layer="94"/><wire x1="-1.905" y1="-1.524" x2="-3.81" y2="1.524" width="0.1524" layer="94"/><wire x1="-3.81" y1="1.524" x2="-5.08" y2="0" width="0.1524" layer="94"/><wire x1="-5.08" y1="0" x2="-7.62" y2="0" width="0.1524" layer="94"/><text size="2" x="0" y="5.715" layer="95" align="center">&gt;NAME</text><text size="2" x="0" y="3.175" layer="96" align="center">&gt;VALUE</text></symbol><symbol name="GRM0335C1H111JA01D@1"><pin name="1@1" x="7.62" y="0" rot="MR0" direction="pas" length="short" visible="off" swaplevel="0"/><pin name="2@2" x="-7.62" y="0" rot="MR180" direction="pas" length="short" visible="off" swaplevel="0"/><wire x1="7.62" y1="0" x2="5.08" y2="0" width="0.1524" layer="94"/><wire x1="-7.62" y1="0" x2="-5.08" y2="0" width="0.1524" layer="94"/><wire x1="0.762" y1="-3.048" x2="0.762" y2="3.048" width="0.1524" layer="94"/><wire x1="-5.08" y1="0" x2="-0.762" y2="0" width="0.1524" layer="94"/><wire x1="0.762" y1="0" x2="5.08" y2="0" width="0.1524" layer="94"/><wire x1="-0.762" y1="-3.048" x2="-0.762" y2="3.048" width="0.1524" layer="94"/><text size="2" x="0" y="7.62" layer="95" align="center">&gt;NAME</text><text size="2" x="0" y="5.08" layer="96" align="center">&gt;VALUE</text></symbol><symbol name="WB_BATTERY@1"><pin name="+@1" x="-7.62" y="0" rot="MR180" direction="pas" length="short" visible="off" swaplevel="0"/><pin name="-@2" x="7.62" y="0" rot="MR0" direction="pas" length="short" visible="off" swaplevel="0"/><wire x1="-2.032" y1="0" x2="-7.62" y2="0" width="0.1524" layer="94"/><wire x1="-1.778" y1="-3.048" x2="-1.778" y2="3.048" width="0.1524" layer="94"/><wire x1="1.016" y1="-3.048" x2="1.016" y2="3.048" width="0.1524" layer="94"/><wire x1="7.62" y1="0" x2="2.794" y2="0" width="0.1524" layer="94"/><wire x1="-0.508" y1="-1.27" x2="-0.508" y2="1.27" width="0.1524" layer="94"/><wire x1="-0.254" y1="-1.27" x2="-0.254" y2="1.27" width="0.1524" layer="94"/><wire x1="-3.556" y1="2.286" x2="-3.556" y2="3.81" width="0.1524" layer="94"/><wire x1="-2.794" y1="3.048" x2="-4.318" y2="3.048" width="0.1524" layer="94"/><wire x1="3.302" y1="2.54" x2="3.302" y2="3.81" width="0.1524" layer="94"/><wire x1="2.54" y1="-1.27" x2="2.54" y2="1.27" width="0.1524" layer="94"/><wire x1="2.286" y1="-1.27" x2="2.286" y2="1.27" width="0.1524" layer="94"/><text size="2" x="0" y="5.08" layer="95" align="center">&gt;NAME</text></symbol><symbol name="50SVPF18M@1"><pin name="+@1" x="7.62" y="0" rot="MR0" direction="pas" length="short" visible="off" swaplevel="0"/><pin name="-@2" x="-7.62" y="0" rot="MR180" direction="pas" length="short" visible="off" swaplevel="0"/><wire cap="round" x1="-1.65118374267102" y1="-3.04778406157947" x2="-1.01624547146371" y2="-2.28585820024608" layer="94" curve="19.54907" width="0.1524"/><wire cap="round" x1="-1.00557718793605" y1="-2.29254192981191" x2="-0.368696405518769" y2="2.31582095509739E-04" layer="94" curve="33.19223" width="0.1524"/><wire cap="round" x1="-0.368696364008616" y1="-2.29363751071608E-04" x2="-1.00557836763086" y2="2.29254380893279" layer="94" curve="33.19223" width="0.1524"/><wire cap="round" x1="-1.01624552012866" y1="2.28585828443089" x2="-1.65118381670011" y2="3.0477841246275" layer="94" curve="19.54907" width="0.1524"/><wire x1="1.016" y1="-3.302" x2="1.016" y2="3.302" width="0.1524" layer="94"/><wire x1="-7.62" y1="0" x2="-0.508" y2="0" width="0.1524" layer="94"/><wire x1="1.016" y1="0" x2="7.62" y2="0" width="0.1524" layer="94"/><wire x1="3.556" y1="-2.54" x2="3.556" y2="-1.524" width="0.1524" layer="94"/><wire x1="3.048" y1="-2.032" x2="4.064" y2="-2.032" width="0.1524" layer="94"/><text size="2" x="0.239622655792055" y="8.04732659769323" layer="95" align="center">&gt;NAME</text><text size="2" x="-0.119811285048163" y="5.29166638458488" layer="96" align="center">&gt;VALUE</text></symbol></symbols><devicesets><deviceset name="CRCW04021K65FKED" prefix=""><gates><gate name="1" addlevel="always" y="0" x="0" symbol="CRCW04021K65FKED@1"/></gates><devices><device name="CRCW04021K65FKED" package="0402"><connects><connect pad="1" pin="1@1" gate="1"/><connect pad="2" pin="2@2" gate="1"/></connects><technologies><technology name=""><attribute name="Resistance" value="1650.0" constant="no"/><attribute name="Power" value="0.063" constant="no"/><attribute name="Tolerance" value="1.0" constant="no"/><attribute name="Manufacturer_Part_Number" value="CRCW04021K65FKED" constant="no"/><attribute name="Vendor" value="Vishay-Dale" constant="no"/><attribute name="Manufacturer_Name" value="Vishay-Dale" constant="no"/></technology></technologies></device></devices></deviceset><deviceset name="RT0805BRD0727K7L" prefix=""><gates><gate name="1" addlevel="always" y="0" x="0" symbol="RT0805BRD0727K7L@1"/></gates><devices><device name="RT0805BRD0727K7L" package="0805"><connects><connect pad="1" pin="1@1" gate="1"/><connect pad="2" pin="2@2" gate="1"/></connects><technologies><technology name=""><attribute name="Resistance" value="27700.0" constant="no"/><attribute name="Power" value="0.125" constant="no"/><attribute name="Tolerance" value="0.1" constant="no"/><attribute name="Manufacturer_Part_Number" value="RT0805BRD0727K7L" constant="no"/><attribute name="Vendor" value="Yageo America" constant="no"/><attribute name="Manufacturer_Name" value="Yageo" constant="no"/></technology></technologies></device></devices></deviceset><deviceset name="LM25088MH-1/NOPB" prefix=""><gates><gate name="1" addlevel="always" y="0" x="0" symbol="LM25088MH-1/NOPB@1"/></gates><devices><device name="LM25088MH-1/NOPB" package="MXA16A"><connects><connect pad="1" pin="VIN@1" gate="1"/><connect pad="2" pin="EN@2" gate="1"/><connect pad="3" pin="SS@3" gate="1"/><connect pad="4" pin="RAMP@4" gate="1"/><connect pad="5" pin="RT_SYNC@5" gate="1"/><connect pad="6" pin="GND@6" gate="1"/><connect pad="17" pin="EP@7" gate="1"/><connect pad="7" pin="COMP@8" gate="1"/><connect pad="8" pin="FB@9" gate="1"/><connect pad="9" pin="OUT@10" gate="1"/><connect pad="10" pin="RES_DITH@11" gate="1"/><connect pad="11" pin="CSG@12" gate="1"/><connect pad="12" pin="CS@13" gate="1"/><connect pad="13" pin="SW@14" gate="1"/><connect pad="14" pin="HG@15" gate="1"/><connect pad="15" pin="BOOT@16" gate="1"/><connect pad="16" pin="VCC@17" gate="1"/></connects><technologies><technology name=""><attribute name="Datasheet_URL" value="http://www.ti.com/product/lm5088" constant="no"/><attribute name="Frequency" value="1000000.0" constant="no"/><attribute name="Imax" value="10.0" constant="no"/><attribute name="Package" value="NA" constant="no"/><attribute name="Mktg_Package" value="NA" constant="no"/><attribute name="NSID" value="LM5088MH-2/NOPB" constant="no"/><attribute name="Manufacturer_Part_Number" value="LM5088MH-1" constant="no"/><attribute name="Vendor" value="Texas Instruments" constant="no"/><attribute name="Manufacturer_Name" value="Texas Instruments" constant="no"/></technology></technologies></device></devices></deviceset><deviceset name="CRCW04023K57FKED" prefix=""><gates><gate name="1" addlevel="always" y="0" x="0" symbol="CRCW04023K57FKED@1"/></gates><devices><device name="CRCW04023K57FKED" package="0402"><connects><connect pad="1" pin="1@1" gate="1"/><connect pad="2" pin="2@2" gate="1"/></connects><technologies><technology name=""><attribute name="Resistance" value="3570.0" constant="no"/><attribute name="Power" value="0.063" constant="no"/><attribute name="Tolerance" value="1.0" constant="no"/><attribute name="Manufacturer_Part_Number" value="CRCW04023K57FKED" constant="no"/><attribute name="Vendor" value="Vishay-Dale" constant="no"/><attribute name="Manufacturer_Name" value="Vishay-Dale" constant="no"/></technology></technologies></device></devices></deviceset><deviceset name="CRCW060341K2FKEA" prefix=""><gates><gate name="1" addlevel="always" y="0" x="0" symbol="CRCW060341K2FKEA@1"/></gates><devices><device name="CRCW060341K2FKEA" package="0603"><connects><connect pad="1" pin="1@1" gate="1"/><connect pad="2" pin="2@2" gate="1"/></connects><technologies><technology name=""><attribute name="Resistance" value="41200.0" constant="no"/><attribute name="Power" value="0.1" constant="no"/><attribute name="Tolerance" value="1.0" constant="no"/><attribute name="Manufacturer_Part_Number" value="CRCW060341K2FKEA" constant="no"/><attribute name="Vendor" value="Vishay-Dale" constant="no"/><attribute name="Manufacturer_Name" value="Vishay-Dale" constant="no"/></technology></technologies></device></devices></deviceset><deviceset name="C2012X5R1H225K125AB" prefix=""><gates><gate name="1" addlevel="always" y="0" x="0" symbol="C2012X5R1H225K125AB@1"/></gates><devices><device name="C2012X5R1H225K125AB" package="0805"><connects><connect pad="1" pin="1@1" gate="1"/><connect pad="2" pin="2@2" gate="1"/></connects><technologies><technology name=""><attribute name="Datasheet_URL" value="https://product.tdk.com/en/search/capacitor/ceramic/mlcc/info?part%5Fno%3DC2012X5R1H225K125AB" constant="no"/><attribute name="Cap" value="2.2E-6" constant="no"/><attribute name="ESR" value="0.00366" constant="no"/><attribute name="IRMS" value="3.41207" constant="no"/><attribute name="VDC" value="50.0" constant="no"/><attribute name="Manufacturer_Part_Number" value="C2012X5R1H225K125AB" constant="no"/><attribute name="Vendor" value="TDK" constant="no"/><attribute name="Manufacturer_Name" value="TDK" constant="no"/></technology></technologies></device></devices></deviceset><deviceset name="GRM1555C1H511GA01D" prefix=""><gates><gate name="1" addlevel="always" y="0" x="0" symbol="GRM1555C1H511GA01D@1"/></gates><devices><device name="GRM1555C1H511GA01D" package="0402"><connects><connect pad="1" pin="1@1" gate="1"/><connect pad="2" pin="2@2" gate="1"/></connects><technologies><technology name=""><attribute name="Datasheet_URL" value="http://search.murata.co.jp/Ceramy/image/img/A01X/G101/ENG/GRM1555C1H511GA01%2D01.pdf" constant="no"/><attribute name="Cap" value="5.1E-10" constant="no"/><attribute name="ESR" value="0.0" constant="no"/><attribute name="IRMS" value="0.0" constant="no"/><attribute name="VDC" value="50.0" constant="no"/><attribute name="Manufacturer_Part_Number" value="GRM1555C1H511GA01D" constant="no"/><attribute name="Vendor" value="MuRata" constant="no"/><attribute name="Manufacturer_Name" value="MuRata" constant="no"/></technology></technologies></device></devices></deviceset><deviceset name="WB_GND" prefix=""><gates><gate name="1" addlevel="always" y="0" x="0" symbol="WB_GND@1"/></gates><devices><device name="WB_GND" package="WB_GND"><connects><connect pad="1" pin="1@1" gate="1"/></connects><technologies><technology name=""><attribute name="Value" value="Value" constant="no"/><attribute name="Manufacturer_Part_Number" value="WB_GND" constant="no"/><attribute name="Manufacturer_Name" value="WB_GND" constant="no"/><attribute name="PowerPortType" value="POWER_GROUND" constant="no"/></technology></technologies></device></devices></deviceset><deviceset name="C1608X5R1H684K080AB" prefix=""><gates><gate name="1" addlevel="always" y="0" x="0" symbol="C1608X5R1H684K080AB@1"/></gates><devices><device name="C1608X5R1H684K080AB" package="0603"><connects><connect pad="1" pin="1@1" gate="1"/><connect pad="2" pin="2@2" gate="1"/></connects><technologies><technology name=""><attribute name="Datasheet_URL" value="https://product.tdk.com/en/search/capacitor/ceramic/mlcc/info?part%5Fno%3DC1608X5R1H684K080AB" constant="no"/><attribute name="Cap" value="6.8E-7" constant="no"/><attribute name="ESR" value="0.007125" constant="no"/><attribute name="IRMS" value="1.9522" constant="no"/><attribute name="VDC" value="50.0" constant="no"/><attribute name="Manufacturer_Part_Number" value="C1608X5R1H684K080AB" constant="no"/><attribute name="Vendor" value="TDK" constant="no"/><attribute name="Manufacturer_Name" value="TDK" constant="no"/></technology></technologies></device></devices></deviceset><deviceset name="CSD18543Q3A" prefix=""><gates><gate name="1" addlevel="always" y="0" x="0" symbol="CSD18543Q3A@1"/></gates><devices><device name="CSD18543Q3A" package="DNH0008A"><connects><connect pad="5" pin="Drain@1" gate="1"/><connect pad="6" pin="Drain@2" gate="1"/><connect pad="7" pin="Drain@3" gate="1"/><connect pad="8" pin="Drain@4" gate="1"/><connect pad="9" pin="Drain@5" gate="1"/><connect pad="4" pin="Gate@6" gate="1"/><connect pad="1" pin="Source@7" gate="1"/><connect pad="2" pin="Source@8" gate="1"/><connect pad="3" pin="Source@9" gate="1"/></connects><technologies><technology name=""><attribute name="Datasheet_URL" value="http://www.ti.com/lit/ds/symlink/csd18543q3a.pdf" constant="no"/><attribute name="VdsMax" value="60.0" constant="no"/><attribute name="IdsMax" value="35.0" constant="no"/><attribute name="Rdson45" value="0.0156" constant="no"/><attribute name="QgTyp" value="5.6" constant="no"/><attribute name="Quantity" value="1" constant="no"/><attribute name="Manufacturer_Part_Number" value="CSD18543Q3A" constant="no"/><attribute name="Vendor" value="Texas Instruments" constant="no"/><attribute name="Manufacturer_Name" value="Texas Instruments" constant="no"/></technology></technologies></device></devices></deviceset><deviceset name="GRM033R60J223KE01D" prefix=""><gates><gate name="1" addlevel="always" y="0" x="0" symbol="GRM033R60J223KE01D@1"/></gates><devices><device name="GRM033R60J223KE01D" package="0201"><connects><connect pad="1" pin="1@1" gate="1"/><connect pad="2" pin="2@2" gate="1"/></connects><technologies><technology name=""><attribute name="Cap" value="2.2E-8" constant="no"/><attribute name="ESR" value="0.0" constant="no"/><attribute name="IRMS" value="0.0" constant="no"/><attribute name="VDC" value="6.3" constant="no"/><attribute name="Manufacturer_Part_Number" value="GRM033R60J223KE01D" constant="no"/><attribute name="Vendor" value="MuRata" constant="no"/><attribute name="Manufacturer_Name" value="MuRata" constant="no"/></technology></technologies></device></devices></deviceset><deviceset name="EMK107B7105KA-T" prefix=""><gates><gate name="1" addlevel="always" y="0" x="0" symbol="EMK107B7105KA-T@1"/></gates><devices><device name="EMK107B7105KA-T" package="0603"><connects><connect pad="1" pin="1@1" gate="1"/><connect pad="2" pin="2@2" gate="1"/></connects><technologies><technology name=""><attribute name="Datasheet_URL" value="http://www.yuden.co.jp/ut/product/pdf/djmk%5Fe.pdf" constant="no"/><attribute name="Cap" value="1.0E-6" constant="no"/><attribute name="ESR" value="0.001" constant="no"/><attribute name="IRMS" value="0.0" constant="no"/><attribute name="VDC" value="16.0" constant="no"/><attribute name="Manufacturer_Part_Number" value="EMK107B7105KA-T" constant="no"/><attribute name="Vendor" value="Taiyo Yuden" constant="no"/><attribute name="Manufacturer_Name" value="Taiyo Yuden" constant="no"/></technology></technologies></device></devices></deviceset><deviceset name="B560C-13-F" prefix=""><gates><gate name="1" addlevel="always" y="0" x="0" symbol="B560C-13-F@1"/></gates><devices><device name="B560C-13-F" package="SMC"><connects><connect pad="2" pin="A@1" gate="1"/><connect pad="1" pin="K@2" gate="1"/></connects><technologies><technology name=""><attribute name="Datasheet_URL" value="http://www.diodes.com/datasheets/ds13012.pdf" constant="no"/><attribute name="Io" value="5.0" constant="no"/><attribute name="VRRM" value="60.0" constant="no"/><attribute name="VFatIo" value="0.7" constant="no"/><attribute name="Manufacturer_Part_Number" value="B560C-13-F" constant="no"/><attribute name="Vendor" value="Diodes Inc." constant="no"/><attribute name="Manufacturer_Name" value="Diodes Inc." constant="no"/></technology></technologies></device></devices></deviceset><deviceset name="CL10C301JB8NNNC" prefix=""><gates><gate name="1" addlevel="always" y="0" x="0" symbol="CL10C301JB8NNNC@1"/></gates><devices><device name="CL10C301JB8NNNC" package="0603"><connects><connect pad="1" pin="1@1" gate="1"/><connect pad="2" pin="2@2" gate="1"/></connects><technologies><technology name=""><attribute name="Datasheet_URL" value="http://www.samsungsem.com/servlet/FileDownload?type%3Dspec%26file%3DCL10C301JB8NNNC.pdf" constant="no"/><attribute name="Cap" value="3.0E-10" constant="no"/><attribute name="ESR" value="0.0" constant="no"/><attribute name="IRMS" value="0.0" constant="no"/><attribute name="VDC" value="50.0" constant="no"/><attribute name="Manufacturer_Part_Number" value="CL10C301JB8NNNC" constant="no"/><attribute name="Vendor" value="Samsung Electro-Mechanics" constant="no"/><attribute name="Manufacturer_Name" value="Samsung Electro-Mechanics" constant="no"/></technology></technologies></device></devices></deviceset><deviceset name="MLC1565-372MLB" prefix=""><gates><gate name="1" addlevel="always" y="0" x="0" symbol="MLC1565-372MLB@1"/></gates><devices><device name="MLC1565-372MLB" package="MLC1565"><connects><connect pad="1" pin="1@1" gate="1"/><connect pad="2" pin="2@2" gate="1"/></connects><technologies><technology name=""><attribute name="Datasheet_URL" value="http://www.coilcraft.com/pdfs/mlc.pdf" constant="no"/><attribute name="L" value="3.7E-6" constant="no"/><attribute name="DCR" value="0.0031" constant="no"/><attribute name="IDC" value="13.63" constant="no"/><attribute name="Manufacturer_Part_Number" value="MLC1565-372MLB" constant="no"/><attribute name="Vendor" value="Coilcraft" constant="no"/><attribute name="Description" value="Unknown" constant="no"/><attribute name="PACKAGE_DESIGNATOR" value="MLC1565" constant="no"/><attribute name="Manufacturer" value="CoilCraft" constant="no"/><attribute name="Manufacturer_Name" value="Coilcraft" constant="no"/></technology></technologies></device></devices></deviceset><deviceset name="RC0201FR-0710KL" prefix=""><gates><gate name="1" addlevel="always" y="0" x="0" symbol="RC0201FR-0710KL@1"/></gates><devices><device name="RC0201FR-0710KL" package="0201"><connects><connect pad="1" pin="1@1" gate="1"/><connect pad="2" pin="2@2" gate="1"/></connects><technologies><technology name=""><attribute name="Datasheet_URL" value="http://www.yageo.com/documents/recent/PYu%2DRC%5FGroup%5F51%5FRoHS%5FL%5F5.pdf" constant="no"/><attribute name="Resistance" value="10000.0" constant="no"/><attribute name="Power" value="0.05" constant="no"/><attribute name="Tolerance" value="1.0" constant="no"/><attribute name="Manufacturer_Part_Number" value="RC0201FR-0710KL" constant="no"/><attribute name="Vendor" value="Yageo America" constant="no"/><attribute name="Manufacturer_Name" value="Yageo" constant="no"/></technology></technologies></device></devices></deviceset><deviceset name="WB_CURRENT_LOAD" prefix=""><gates><gate name="1" addlevel="always" y="0" x="0" symbol="WB_CURRENT_LOAD@1"/></gates><devices><device name="WB_CURRENT_LOAD" package="WB_CURRENT_LOAD"><connects><connect pad="1" pin="+@1" gate="1"/><connect pad="2" pin="-@2" gate="1"/></connects><technologies><technology name=""><attribute name="Value" value="Value" constant="no"/><attribute name="Manufacturer_Part_Number" value="WB_CURRENT_LOAD" constant="no"/><attribute name="Manufacturer_Name" value="WB_CURRENT_LOAD" constant="no"/><attribute name="PowerPortType" value="POWER_GROUND" constant="no"/></technology></technologies></device></devices></deviceset><deviceset name="TMK212BJ474KD-T" prefix=""><gates><gate name="1" addlevel="always" y="0" x="0" symbol="TMK212BJ474KD-T@1"/></gates><devices><device name="TMK212BJ474KD-T" package="0805"><connects><connect pad="1" pin="1@1" gate="1"/><connect pad="2" pin="2@2" gate="1"/></connects><technologies><technology name=""><attribute name="Cap" value="4.7E-7" constant="no"/><attribute name="ESR" value="0.0" constant="no"/><attribute name="IRMS" value="0.0" constant="no"/><attribute name="VDC" value="20.0" constant="no"/><attribute name="Manufacturer_Part_Number" value="TMK212BJ474KD-T" constant="no"/><attribute name="Vendor" value="Taiyo Yuden" constant="no"/><attribute name="Manufacturer_Name" value="Taiyo Yuden" constant="no"/></technology></technologies></device></devices></deviceset><deviceset name="RC0603FR-077K87L" prefix=""><gates><gate name="1" addlevel="always" y="0" x="0" symbol="RC0603FR-077K87L@1"/></gates><devices><device name="RC0603FR-077K87L" package="0603"><connects><connect pad="1" pin="1@1" gate="1"/><connect pad="2" pin="2@2" gate="1"/></connects><technologies><technology name=""><attribute name="Resistance" value="7870.0" constant="no"/><attribute name="Power" value="0.1" constant="no"/><attribute name="Tolerance" value="1.0" constant="no"/><attribute name="Manufacturer_Part_Number" value="RC0603FR-077K87L" constant="no"/><attribute name="Vendor" value="Yageo America" constant="no"/><attribute name="Manufacturer_Name" value="Yageo" constant="no"/></technology></technologies></device></devices></deviceset><deviceset name="CL21C331JBANNNC" prefix=""><gates><gate name="1" addlevel="always" y="0" x="0" symbol="CL21C331JBANNNC@1"/></gates><devices><device name="CL21C331JBANNNC" package="0805"><connects><connect pad="1" pin="1@1" gate="1"/><connect pad="2" pin="2@2" gate="1"/></connects><technologies><technology name=""><attribute name="Datasheet_URL" value="http://www.samsungsem.com/servlet/FileDownload?type%3Dspec%26file%3DCL21C331JBANNNC.pdf" constant="no"/><attribute name="Cap" value="3.3E-10" constant="no"/><attribute name="ESR" value="0.0" constant="no"/><attribute name="IRMS" value="0.0" constant="no"/><attribute name="VDC" value="50.0" constant="no"/><attribute name="Manufacturer_Part_Number" value="CL21C331JBANNNC" constant="no"/><attribute name="Vendor" value="Samsung Electro-Mechanics" constant="no"/><attribute name="Manufacturer_Name" value="Samsung Electro-Mechanics" constant="no"/></technology></technologies></device></devices></deviceset><deviceset name="GRM155R71C104KA88D" prefix=""><gates><gate name="1" addlevel="always" y="0" x="0" symbol="GRM155R71C104KA88D@1"/></gates><devices><device name="GRM155R71C104KA88D" package="0402"><connects><connect pad="1" pin="1@1" gate="1"/><connect pad="2" pin="2@2" gate="1"/></connects><technologies><technology name=""><attribute name="Cap" value="1.0E-7" constant="no"/><attribute name="ESR" value="0.0" constant="no"/><attribute name="IRMS" value="0.0" constant="no"/><attribute name="VDC" value="16.0" constant="no"/><attribute name="Manufacturer_Part_Number" value="GRM155R71C104KA88D" constant="no"/><attribute name="Vendor" value="MuRata" constant="no"/><attribute name="Manufacturer_Name" value="MuRata" constant="no"/></technology></technologies></device></devices></deviceset><deviceset name="C0805C106K8PACTU" prefix=""><gates><gate name="1" addlevel="always" y="0" x="0" symbol="C0805C106K8PACTU@1"/></gates><devices><device name="C0805C106K8PACTU" package="0805"><connects><connect pad="1" pin="1@1" gate="1"/><connect pad="2" pin="2@2" gate="1"/></connects><technologies><technology name=""><attribute name="Cap" value="1.0E-5" constant="no"/><attribute name="ESR" value="0.0030" constant="no"/><attribute name="IRMS" value="11.43" constant="no"/><attribute name="VDC" value="10.0" constant="no"/><attribute name="Manufacturer_Part_Number" value="C0805C106K8PACTU" constant="no"/><attribute name="Vendor" value="Kemet" constant="no"/><attribute name="Manufacturer_Name" value="Kemet" constant="no"/></technology></technologies></device></devices></deviceset><deviceset name="CRCW040235K7FKED" prefix=""><gates><gate name="1" addlevel="always" y="0" x="0" symbol="CRCW040235K7FKED@1"/></gates><devices><device name="CRCW040235K7FKED" package="0402"><connects><connect pad="1" pin="1@1" gate="1"/><connect pad="2" pin="2@2" gate="1"/></connects><technologies><technology name=""><attribute name="Resistance" value="35700.0" constant="no"/><attribute name="Power" value="0.063" constant="no"/><attribute name="Tolerance" value="1.0" constant="no"/><attribute name="Manufacturer_Part_Number" value="CRCW040235K7FKED" constant="no"/><attribute name="Vendor" value="Vishay-Dale" constant="no"/><attribute name="Manufacturer_Name" value="Vishay-Dale" constant="no"/></technology></technologies></device></devices></deviceset><deviceset name="PRL1632-R006-F-T1" prefix=""><gates><gate name="1" addlevel="always" y="0" x="0" symbol="PRL1632-R006-F-T1@1"/></gates><devices><device name="PRL1632-R006-F-T1" package="0612"><connects><connect pad="1" pin="1@1" gate="1"/><connect pad="2" pin="2@2" gate="1"/></connects><technologies><technology name=""><attribute name="Datasheet_URL" value="http://www.susumu%2Dusa.com/pdf/PRL%5FRL%5FData%5Fsheet.pdf" constant="no"/><attribute name="Resistance" value="0.006" constant="no"/><attribute name="Power" value="1.0" constant="no"/><attribute name="Tolerance" value="1.0" constant="no"/><attribute name="Manufacturer_Part_Number" value="PRL1632-R006-F-T1" constant="no"/><attribute name="Vendor" value="Susumu Co Ltd" constant="no"/><attribute name="Manufacturer_Name" value="Susumu Co Ltd" constant="no"/></technology></technologies></device></devices></deviceset><deviceset name="GRM155R71E333KA88D" prefix=""><gates><gate name="1" addlevel="always" y="0" x="0" symbol="GRM155R71E333KA88D@1"/></gates><devices><device name="GRM155R71E333KA88D" package="0402"><connects><connect pad="1" pin="1@1" gate="1"/><connect pad="2" pin="2@2" gate="1"/></connects><technologies><technology name=""><attribute name="Cap" value="3.3E-8" constant="no"/><attribute name="ESR" value="0.0" constant="no"/><attribute name="IRMS" value="0.0" constant="no"/><attribute name="VDC" value="25.0" constant="no"/><attribute name="Manufacturer_Part_Number" value="GRM155R71E333KA88D" constant="no"/><attribute name="Vendor" value="MuRata" constant="no"/><attribute name="Manufacturer_Name" value="MuRata" constant="no"/></technology></technologies></device></devices></deviceset><deviceset name="RC0201FR-0718K7L" prefix=""><gates><gate name="1" addlevel="always" y="0" x="0" symbol="RC0201FR-0718K7L@1"/></gates><devices><device name="RC0201FR-0718K7L" package="0201"><connects><connect pad="1" pin="1@1" gate="1"/><connect pad="2" pin="2@2" gate="1"/></connects><technologies><technology name=""><attribute name="Datasheet_URL" value="http://www.yageo.com/documents/recent/PYu%2DRC%5FGroup%5F51%5FRoHS%5FL%5F5.pdf" constant="no"/><attribute name="Resistance" value="18700.0" constant="no"/><attribute name="Power" value="0.05" constant="no"/><attribute name="Tolerance" value="1.0" constant="no"/><attribute name="Manufacturer_Part_Number" value="RC0201FR-0718K7L" constant="no"/><attribute name="Vendor" value="Yageo America" constant="no"/><attribute name="Manufacturer_Name" value="Yageo" constant="no"/></technology></technologies></device></devices></deviceset><deviceset name="GRM0335C1H111JA01D" prefix=""><gates><gate name="1" addlevel="always" y="0" x="0" symbol="GRM0335C1H111JA01D@1"/></gates><devices><device name="GRM0335C1H111JA01D" package="0201"><connects><connect pad="1" pin="1@1" gate="1"/><connect pad="2" pin="2@2" gate="1"/></connects><technologies><technology name=""><attribute name="Datasheet_URL" value="http://search.murata.co.jp/Ceramy/image/img/A01X/G101/ENG/GRM0335C1H111JA01%2D01.pdf" constant="no"/><attribute name="Cap" value="1.1E-10" constant="no"/><attribute name="ESR" value="0.0" constant="no"/><attribute name="IRMS" value="0.0" constant="no"/><attribute name="VDC" value="50.0" constant="no"/><attribute name="Manufacturer_Part_Number" value="GRM0335C1H111JA01D" constant="no"/><attribute name="Vendor" value="MuRata" constant="no"/><attribute name="Manufacturer_Name" value="MuRata" constant="no"/></technology></technologies></device></devices></deviceset><deviceset name="WB_BATTERY" prefix=""><gates><gate name="1" addlevel="always" y="0" x="0" symbol="WB_BATTERY@1"/></gates><devices><device name="WB_BATTERY" package="WB_BATTERY"><connects><connect pad="1" pin="+@1" gate="1"/><connect pad="2" pin="-@2" gate="1"/></connects><technologies><technology name=""><attribute name="Value" value="Value" constant="no"/><attribute name="Manufacturer_Part_Number" value="WB_BATTERY" constant="no"/><attribute name="Manufacturer_Name" value="WB_BATTERY" constant="no"/><attribute name="PowerPortType" value="POWER_GROUND" constant="no"/></technology></technologies></device></devices></deviceset><deviceset name="50SVPF18M" prefix=""><gates><gate name="1" addlevel="always" y="0" x="0" symbol="50SVPF18M@1"/></gates><devices><device name="50SVPF18M" package="CAPSMT_62_E7"><connects><connect pad="1" pin="+@1" gate="1"/><connect pad="2" pin="-@2" gate="1"/></connects><technologies><technology name=""><attribute name="Datasheet_URL" value="http://industrial.panasonic.com/www%2Ddata/pdf/AAB8000/AAB8000CE1.pdf" constant="no"/><attribute name="Cap" value="1.8E-5" constant="no"/><attribute name="ESR" value="0.035" constant="no"/><attribute name="IRMS" value="2.7" constant="no"/><attribute name="VDC" value="50.0" constant="no"/><attribute name="Manufacturer_Part_Number" value="50SVPF18M" constant="no"/><attribute name="Vendor" value="Panasonic" constant="no"/><attribute name="Manufacturer_Name" value="Panasonic" constant="no"/></technology></technologies></device></devices></deviceset></devicesets></library></libraries><attributes/><variantdefs/><classes><class number="0" name="default" width="0" drill="0"/></classes><parts><part name="RFBB" library="AcceleratedDesigns_Lib" device="CRCW04021K65FKED" deviceset="CRCW04021K65FKED" value="1.65k"/><part name="GND2" library="AcceleratedDesigns_Lib" device="WB_GND" deviceset="WB_GND" value="WB_GND"/><part name="U1" library="AcceleratedDesigns_Lib" device="LM25088MH-1/NOPB" deviceset="LM25088MH-1/NOPB" value="LM25088MH-1/NOPB"/><part name="RUV1" library="AcceleratedDesigns_Lib" device="CRCW04023K57FKED" deviceset="CRCW04023K57FKED" value="3.57k"/><part name="RRAMP" library="AcceleratedDesigns_Lib" device="CRCW060341K2FKEA" deviceset="CRCW060341K2FKEA" value="41.2k"/><part name="CFT" library="AcceleratedDesigns_Lib" device="GRM155R71E333KA88D" deviceset="GRM155R71E333KA88D" value="33nF"/><part name="CCOMP" library="AcceleratedDesigns_Lib" device="GRM1555C1H511GA01D" deviceset="GRM1555C1H511GA01D" value="510pF"/><part name="RCOMP" library="AcceleratedDesigns_Lib" device="RT0805BRD0727K7L" deviceset="RT0805BRD0727K7L" value="27.7k"/><part name="GND1" library="AcceleratedDesigns_Lib" device="WB_GND" deviceset="WB_GND" value="WB_GND"/><part name="CIO" library="AcceleratedDesigns_Lib" device="C1608X5R1H684K080AB" deviceset="C1608X5R1H684K080AB" value="680nF"/><part name="M1" library="AcceleratedDesigns_Lib" device="CSD18543Q3A" deviceset="CSD18543Q3A" value="60V"/><part name="CRST" library="AcceleratedDesigns_Lib" device="GRM033R60J223KE01D" deviceset="GRM033R60J223KE01D" value="22nF"/><part name="CVCC" library="AcceleratedDesigns_Lib" device="EMK107B7105KA-T" deviceset="EMK107B7105KA-T" value="1uF"/><part name="D1" library="AcceleratedDesigns_Lib" device="B560C-13-F" deviceset="B560C-13-F" value="700mV"/><part name="CRAMP" library="AcceleratedDesigns_Lib" device="CL10C301JB8NNNC" deviceset="CL10C301JB8NNNC" value="300pF"/><part name="L1" library="AcceleratedDesigns_Lib" device="MLC1565-372MLB" deviceset="MLC1565-372MLB" value="3.7uH"/><part name="RUV2" library="AcceleratedDesigns_Lib" device="RC0201FR-0710KL" deviceset="RC0201FR-0710KL" value="10k"/><part name="COUTX" library="AcceleratedDesigns_Lib" device="C2012X5R1H225K125AB" deviceset="C2012X5R1H225K125AB" value="2.2uF"/><part name="CSS" library="AcceleratedDesigns_Lib" device="GRM155R71E333KA88D" deviceset="GRM155R71E333KA88D" value="33nF"/><part name="CINX" library="AcceleratedDesigns_Lib" device="TMK212BJ474KD-T" deviceset="TMK212BJ474KD-T" value="470nF"/><part name="RCOMP2" library="AcceleratedDesigns_Lib" device="RC0603FR-077K87L" deviceset="RC0603FR-077K87L" value="7.87k"/><part name="CCOMP3" library="AcceleratedDesigns_Lib" device="CL21C331JBANNNC" deviceset="CL21C331JBANNNC" value="330pF"/><part name="CBOOT" library="AcceleratedDesigns_Lib" device="GRM155R71C104KA88D" deviceset="GRM155R71C104KA88D" value="100nF"/><part name="CIN" library="AcceleratedDesigns_Lib" device="C0805C106K8PACTU" deviceset="C0805C106K8PACTU" value="10uF"/><part name="RFBT" library="AcceleratedDesigns_Lib" device="CRCW040235K7FKED" deviceset="CRCW040235K7FKED" value="35.7k"/><part name="RSENSE" library="AcceleratedDesigns_Lib" device="PRL1632-R006-F-T1" deviceset="PRL1632-R006-F-T1" value="6m"/><part name="COUT" library="AcceleratedDesigns_Lib" device="50SVPF18M" deviceset="50SVPF18M" value="18uF"/><part name="RT" library="AcceleratedDesigns_Lib" device="RC0201FR-0718K7L" deviceset="RC0201FR-0718K7L" value="18.7k"/><part name="CCOMP2" library="AcceleratedDesigns_Lib" device="GRM0335C1H111JA01D" deviceset="GRM0335C1H111JA01D" value="110pF"/><part name="VIN" library="AcceleratedDesigns_Lib" device="WB_BATTERY" deviceset="WB_BATTERY" value="WB_BATTERY"/><part name="IOUT" library="AcceleratedDesigns_Lib" device="WB_CURRENT_LOAD" deviceset="WB_CURRENT_LOAD" value="WB_CURRENT_LOAD"/><part name="CFT_2" library="AcceleratedDesigns_Lib" device="GRM155R71E333KA88D" deviceset="GRM155R71E333KA88D" value="33nF"/><part name="COUT_2" library="AcceleratedDesigns_Lib" device="50SVPF18M" deviceset="50SVPF18M" value="18uF"/></parts><sheets><sheet><plain/><instances><instance part="Rfbb" gate="1" x="351.79" y="45.72" rot="R90" smashed="yes"><attribute name="NAME" x="353.314" y="48.514" size="2" layer="95" rot="R0" align="bottom-left"/><attribute name="VALUE" x="353.314" y="43.942" size="2" layer="96" rot="R0" align="bottom-left"/></instance><instance part="GND2" gate="1" x="55.88" y="91.44" rot="R0" smashed="yes"><attribute name="NAME" x="55.88" y="97.028" size="2" layer="95" display="off" rot="R0" align="bottom-center"/></instance><instance part="U1" gate="1" x="260.35" y="99.06" rot="R0" smashed="yes"><attribute name="NAME" x="260.35" y="99.06" size="2" layer="95" rot="R0" align="bottom-center"/><attribute name="TYPE" x="260.35" y="95.25" size="2" layer="96" rot="R0" align="bottom-center"/></instance><instance part="Ruv1" gate="1" x="115.57" y="64.77" rot="R90" smashed="yes"><attribute name="NAME" x="117.094" y="67.564" size="2" layer="95" rot="R0" align="bottom-left"/><attribute name="VALUE" x="117.094" y="62.992" size="2" layer="96" rot="R0" align="bottom-left"/></instance><instance part="Rramp" gate="1" x="194.31" y="96.52" rot="R90" smashed="yes"><attribute name="NAME" x="195.834" y="99.314" size="2" layer="95" rot="R0" align="bottom-left"/><attribute name="VALUE" x="195.834" y="94.742" size="2" layer="96" rot="R0" align="bottom-left"/></instance><instance part="Cft" gate="1" x="72.39" y="66.04" rot="R90" smashed="yes"><attribute name="NAME" x="75.438" y="70.358" size="2" layer="95" rot="R0" align="bottom-left"/><attribute name="VALUE" x="75.438" y="65.786" size="2" layer="96" rot="R0" align="bottom-left"/></instance><instance part="Ccomp" gate="1" x="293.37" y="45.72" rot="R180" smashed="yes"><attribute name="NAME" x="293.37" y="51.816" size="2" layer="95" rot="R0" align="bottom-center"/><attribute name="VALUE" x="293.37" y="38.862" size="2" layer="96" rot="R0" align="bottom-center"/></instance><instance part="Rcomp" gate="1" x="278.13" y="45.72" rot="R180" smashed="yes"><attribute name="NAME" x="278.13" y="50.292" size="2" layer="95" rot="R0" align="bottom-center"/><attribute name="VALUE" x="278.13" y="40.386" size="2" layer="96" rot="R0" align="bottom-center"/></instance><instance part="GND1" gate="1" x="436.88" y="114.3" rot="R0" smashed="yes"><attribute name="NAME" x="436.88" y="119.888" size="2" layer="95" display="off" rot="R0" align="bottom-center"/></instance><instance part="Cio" gate="1" x="369.57" y="132.08" rot="R90" smashed="yes"><attribute name="NAME" x="372.618" y="136.398" size="2" layer="95" rot="R0" align="bottom-left"/><attribute name="VALUE" x="372.618" y="131.826" size="2" layer="96" rot="R0" align="bottom-left"/></instance><instance part="M1" gate="1" x="312.42" y="130.81" rot="R0" smashed="yes"><attribute name="NAME" x="312.42" y="138.43" size="2" layer="95" rot="R0" align="top-center"/><attribute name="VALUE" x="312.42" y="123.19" size="2" layer="96" rot="R0" align="bottom-center"/></instance><instance part="Crst" gate="1" x="148.59" y="67.31" rot="R90" smashed="yes"><attribute name="NAME" x="151.638" y="71.628" size="2" layer="95" rot="R0" align="bottom-left"/><attribute name="VALUE" x="151.638" y="67.056" size="2" layer="96" rot="R0" align="bottom-left"/></instance><instance part="Cvcc" gate="1" x="173.99" y="66.04" rot="R90" smashed="yes"><attribute name="NAME" x="177.038" y="70.358" size="2" layer="95" rot="R0" align="bottom-left"/><attribute name="VALUE" x="177.038" y="65.786" size="2" layer="96" rot="R0" align="bottom-left"/></instance><instance part="D1" gate="1" x="308.61" y="109.22" rot="R270" smashed="yes"><attribute name="NAME" x="311.15" y="113.03" size="2" layer="95" rot="R0" align="bottom-left"/><attribute name="VALUE" x="311.15" y="108.458" size="2" layer="96" rot="R0" align="bottom-left"/></instance><instance part="Cramp" gate="1" x="194.31" y="55.88" rot="R90" smashed="yes"><attribute name="NAME" x="197.358" y="60.198" size="2" layer="95" rot="R0" align="bottom-left"/><attribute name="VALUE" x="197.358" y="55.626" size="2" layer="96" rot="R0" align="bottom-left"/></instance><instance part="L1" gate="1" x="342.9" y="116.84" rot="R0" smashed="yes"><attribute name="NAME" x="342.9" y="121.158" size="2" layer="95" rot="R0" align="bottom-center"/><attribute name="VALUE" x="342.9" y="111.76" size="2" layer="96" rot="R0" align="bottom-center"/></instance><instance part="Ruv2" gate="1" x="115.57" y="114.3" rot="R90" smashed="yes"><attribute name="NAME" x="117.094" y="117.094" size="2" layer="95" rot="R0" align="bottom-left"/><attribute name="VALUE" x="117.094" y="112.522" size="2" layer="96" rot="R0" align="bottom-left"/></instance><instance part="Coutx" gate="1" x="427.99" y="57.15" rot="R90" smashed="yes"><attribute name="NAME" x="431.038" y="61.468" size="2" layer="95" rot="R0" align="bottom-left"/><attribute name="VALUE" x="431.038" y="56.896" size="2" layer="96" rot="R0" align="bottom-left"/></instance><instance part="Css" gate="1" x="234.95" y="43.18" rot="R90" smashed="yes"><attribute name="NAME" x="237.998" y="47.498" size="2" layer="95" rot="R0" align="bottom-left"/><attribute name="VALUE" x="237.998" y="42.926" size="2" layer="96" rot="R0" align="bottom-left"/></instance><instance part="Cinx" gate="1" x="71.12" y="116.84" rot="R90" smashed="yes"><attribute name="NAME" x="74.168" y="121.158" size="2" layer="95" rot="R0" align="bottom-left"/><attribute name="VALUE" x="74.168" y="116.586" size="2" layer="96" rot="R0" align="bottom-left"/></instance><instance part="Rcomp2" gate="1" x="332.74" y="88.9" rot="R90" smashed="yes"><attribute name="NAME" x="334.264" y="91.694" size="2" layer="95" rot="R0" align="bottom-left"/><attribute name="VALUE" x="334.264" y="87.122" size="2" layer="96" rot="R0" align="bottom-left"/></instance><instance part="Ccomp3" gate="1" x="332.74" y="73.66" rot="R90" smashed="yes"><attribute name="NAME" x="335.788" y="77.978" size="2" layer="95" rot="R0" align="bottom-left"/><attribute name="VALUE" x="335.788" y="73.406" size="2" layer="96" rot="R0" align="bottom-left"/></instance><instance part="Cboot" gate="1" x="289.56" y="134.62" rot="R270" smashed="yes"><attribute name="NAME" x="292.608" y="138.938" size="2" layer="95" rot="R0" align="bottom-left"/><attribute name="VALUE" x="292.608" y="134.366" size="2" layer="96" rot="R0" align="bottom-left"/></instance><instance part="Cin" gate="1" x="49.53" y="118.11" rot="R90" smashed="yes"><attribute name="NAME" x="52.578" y="122.428" size="2" layer="95" rot="R0" align="bottom-left"/><attribute name="VALUE" x="52.578" y="117.856" size="2" layer="96" rot="R0" align="bottom-left"/></instance><instance part="Rfbt" gate="1" x="351.79" y="86.36" rot="R90" smashed="yes"><attribute name="NAME" x="353.314" y="89.154" size="2" layer="95" rot="R0" align="bottom-left"/><attribute name="VALUE" x="353.314" y="84.582" size="2" layer="96" rot="R0" align="bottom-left"/></instance><instance part="Rsense" gate="1" x="308.61" y="93.98" rot="R90" smashed="yes"><attribute name="NAME" x="310.134" y="96.774" size="2" layer="95" rot="R0" align="bottom-left"/><attribute name="VALUE" x="310.134" y="92.202" size="2" layer="96" rot="R0" align="bottom-left"/></instance><instance part="Cout" gate="1" x="388.62" y="58.42" rot="R90" smashed="yes"><attribute name="NAME" x="391.922" y="62.992" size="2" layer="95" rot="R0" align="bottom-left"/><attribute name="VALUE" x="391.922" y="58.42" size="2" layer="96" rot="R0" align="bottom-left"/></instance><instance part="Rt" gate="1" x="217.17" y="55.88" rot="R90" smashed="yes"><attribute name="NAME" x="218.694" y="58.674" size="2" layer="95" rot="R0" align="bottom-left"/><attribute name="VALUE" x="218.694" y="54.102" size="2" layer="96" rot="R0" align="bottom-left"/></instance><instance part="Ccomp2" gate="1" x="285.75" y="35.56" rot="R180" smashed="yes"><attribute name="NAME" x="285.75" y="41.656" size="2" layer="95" rot="R0" align="bottom-center"/><attribute name="VALUE" x="285.75" y="28.702" size="2" layer="96" rot="R0" align="bottom-center"/></instance><instance part="Vin" gate="1" x="29.21" y="129.54" rot="R270" smashed="yes"><attribute name="NAME" x="33.02" y="134.62" size="2" layer="95" rot="R0" align="bottom-left"/></instance><instance part="Iout" gate="1" x="453.39" y="81.28" rot="R270" smashed="yes"><attribute name="NAME" x="457.454" y="86.614" size="2" layer="95" rot="R0" align="bottom-left"/></instance><instance part="Cft_2" gate="1" x="90.17" y="66.04" rot="R90" smashed="yes"><attribute name="NAME" x="93.218" y="70.358" size="2" layer="95" rot="R0" align="bottom-left"/><attribute name="VALUE" x="93.218" y="65.786" size="2" layer="96" rot="R0" align="bottom-left"/></instance><instance part="Cout_2" gate="1" x="406.4" y="58.42" rot="R90" smashed="yes"><attribute name="NAME" x="409.702" y="62.992" size="2" layer="95" rot="R0" align="bottom-left"/><attribute name="VALUE" x="409.702" y="58.42" size="2" layer="96" rot="R0" align="bottom-left"/></instance></instances><busses/><nets><net name="2" class="0"><segment><pinref part="Rfbb" pin="1@1" gate="1"/><pinref part="U1" pin="FB@9" gate="1"/><pinref part="Ccomp" pin="2@2" gate="1"/><pinref part="Ccomp3" pin="2@2" gate="1"/><pinref part="Rfbt" pin="2@2" gate="1"/><pinref part="Ccomp2" pin="2@2" gate="1"/><wire x1="300.99" y1="45.72" x2="303.53" y2="45.72" width="0" layer="91"/><wire x1="332.74" y1="66.04" x2="332.74" y2="63.5" width="0" layer="91"/><wire x1="293.37" y1="35.56" x2="303.53" y2="35.56" width="0" layer="91"/><wire x1="351.79" y1="63.5" x2="328.93" y2="63.5" width="0" layer="91"/><wire x1="351.79" y1="78.74" x2="351.79" y2="53.34" width="0" layer="91"/><wire x1="303.53" y1="35.56" x2="303.53" y2="68.58" width="0" layer="91"/><wire x1="328.93" y1="63.5" x2="328.93" y2="68.58" width="0" layer="91"/><wire x1="283.21" y1="68.58" x2="328.93" y2="68.58" width="0" layer="91"/></segment></net><net name="13" class="0"><segment><pinref part="Rfbb" pin="2@2" gate="1"/><pinref part="U1" pin="EP@7" gate="1"/><pinref part="U1" pin="GND@6" gate="1"/><pinref part="U1" pin="CSG@12" gate="1"/><pinref part="Ruv1" pin="2@2" gate="1"/><pinref part="Cft" pin="2@2" gate="1"/><pinref part="Cio" pin="2@2" gate="1"/><pinref part="Crst" pin="2@2" gate="1"/><pinref part="Cvcc" pin="2@2" gate="1"/><pinref part="Cramp" pin="2@2" gate="1"/><pinref part="Coutx" pin="2@2" gate="1"/><pinref part="Css" pin="2@2" gate="1"/><pinref part="Rsense" pin="2@2" gate="1"/><pinref part="Cout" pin="-@2" gate="1"/><pinref part="Rt" pin="2@2" gate="1"/><pinref part="Iout" pin="-@2" gate="1"/><pinref part="Cft_2" pin="2@2" gate="1"/><pinref part="Cout_2" pin="-@2" gate="1"/><wire x1="427.99" y1="49.53" x2="427.99" y2="25.4" width="0" layer="91"/><wire x1="194.31" y1="48.26" x2="194.31" y2="25.4" width="0" layer="91"/><wire x1="369.57" y1="124.46" x2="369.57" y2="25.4" width="0" layer="91"/><wire x1="234.95" y1="35.56" x2="234.95" y2="25.4" width="0" layer="91"/><wire x1="351.79" y1="25.4" x2="351.79" y2="38.1" width="0" layer="91"/><wire x1="148.59" y1="59.69" x2="148.59" y2="25.4" width="0" layer="91"/><wire x1="217.17" y1="48.26" x2="217.17" y2="25.4" width="0" layer="91"/><wire x1="283.21" y1="86.36" x2="308.61" y2="86.36" width="0" layer="91"/><wire x1="115.57" y1="57.15" x2="115.57" y2="25.4" width="0" layer="91"/><wire x1="252.73" y1="58.42" x2="252.73" y2="25.4" width="0" layer="91"/><wire x1="388.62" y1="50.8" x2="388.62" y2="25.4" width="0" layer="91"/><wire x1="173.99" y1="58.42" x2="173.99" y2="25.4" width="0" layer="91"/><wire x1="308.61" y1="86.36" x2="308.61" y2="25.4" width="0" layer="91"/><wire x1="72.39" y1="58.42" x2="72.39" y2="25.4" width="0" layer="91"/><wire x1="72.39" y1="25.4" x2="453.39" y2="25.4" width="0" layer="91"/><wire x1="453.39" y1="25.4" x2="453.39" y2="73.66" width="0" layer="91"/><wire x1="72.39" y1="58.42" x2="90.17" y2="58.42" width="0" layer="91"/><wire x1="388.62" y1="50.8" x2="406.4" y2="50.8" width="0" layer="91"/></segment></net><net name="0" class="0"><segment><pinref part="GND2" pin="1@1" gate="1"/><pinref part="U1" pin="OUT@10" gate="1"/><pinref part="GND1" pin="1@1" gate="1"/><pinref part="L1" pin="2@2" gate="1"/><pinref part="Coutx" pin="1@1" gate="1"/><pinref part="Cinx" pin="2@2" gate="1"/><pinref part="Rcomp2" pin="1@1" gate="1"/><pinref part="Cin" pin="2@2" gate="1"/><pinref part="Rfbt" pin="1@1" gate="1"/><pinref part="Cout" pin="+@1" gate="1"/><pinref part="Vin" pin="-@2" gate="1"/><pinref part="Iout" pin="+@1" gate="1"/><pinref part="Cout_2" pin="+@1" gate="1"/><wire x1="332.74" y1="96.52" x2="332.74" y2="99.06" width="0" layer="91"/><wire x1="328.93" y1="99.06" x2="328.93" y2="76.2" width="0" layer="91"/><wire x1="49.53" y1="93.98" x2="49.53" y2="110.49" width="0" layer="91"/><wire x1="427.99" y1="83.82" x2="388.62" y2="83.82" width="0" layer="91"/><wire x1="427.99" y1="64.77" x2="427.99" y2="83.82" width="0" layer="91"/><wire x1="351.79" y1="99.06" x2="328.93" y2="99.06" width="0" layer="91"/><wire x1="71.12" y1="93.98" x2="71.12" y2="109.22" width="0" layer="91"/><wire x1="388.62" y1="66.04" x2="388.62" y2="83.82" width="0" layer="91"/><wire x1="283.21" y1="76.2" x2="328.93" y2="76.2" width="0" layer="91"/><wire x1="351.79" y1="93.98" x2="351.79" y2="116.84" width="0" layer="91"/><wire x1="417.83" y1="83.82" x2="417.83" y2="116.84" width="0" layer="91"/><wire x1="29.21" y1="93.98" x2="71.12" y2="93.98" width="0" layer="91"/><wire x1="350.52" y1="116.84" x2="453.39" y2="116.84" width="0" layer="91"/><wire x1="29.21" y1="93.98" x2="29.21" y2="121.92" width="0" layer="91"/><wire x1="453.39" y1="88.9" x2="453.39" y2="116.84" width="0" layer="91"/><wire x1="388.62" y1="66.04" x2="406.4" y2="66.04" width="0" layer="91"/></segment></net><net name="15" class="0"><segment><pinref part="U1" pin="VIN@1" gate="1"/><pinref part="Cio" pin="1@1" gate="1"/><pinref part="M1" pin="Drain@1" gate="1"/><pinref part="M1" pin="Drain@2" gate="1"/><pinref part="M1" pin="Drain@3" gate="1"/><pinref part="M1" pin="Drain@4" gate="1"/><pinref part="M1" pin="Drain@5" gate="1"/><pinref part="Ruv2" pin="1@1" gate="1"/><pinref part="Cinx" pin="1@1" gate="1"/><pinref part="Cin" pin="1@1" gate="1"/><pinref part="Vin" pin="+@1" gate="1"/><wire x1="71.12" y1="124.46" x2="71.12" y2="152.4" width="0" layer="91"/><wire x1="49.53" y1="125.73" x2="49.53" y2="152.4" width="0" layer="91"/><wire x1="115.57" y1="121.92" x2="115.57" y2="152.4" width="0" layer="91"/><wire x1="369.57" y1="139.7" x2="369.57" y2="152.4" width="0" layer="91"/><wire x1="260.35" y1="139.7" x2="260.35" y2="152.4" width="0" layer="91"/><wire x1="29.21" y1="152.4" x2="369.57" y2="152.4" width="0" layer="91"/><wire x1="316.23" y1="138.43" x2="316.23" y2="152.4" width="0" layer="91"/><wire x1="29.21" y1="137.16" x2="29.21" y2="152.4" width="0" layer="91"/></segment></net><net name="3" class="0"><segment><pinref part="U1" pin="EN@2" gate="1"/><pinref part="Ruv1" pin="1@1" gate="1"/><pinref part="Cft" pin="1@1" gate="1"/><pinref part="Ruv2" pin="2@2" gate="1"/><pinref part="Cft_2" pin="1@1" gate="1"/><wire x1="72.39" y1="87.63" x2="72.39" y2="73.66" width="0" layer="91"/><wire x1="138.43" y1="97.79" x2="115.57" y2="97.79" width="0" layer="91"/><wire x1="115.57" y1="72.39" x2="115.57" y2="106.68" width="0" layer="91"/><wire x1="138.43" y1="134.62" x2="138.43" y2="97.79" width="0" layer="91"/><wire x1="115.57" y1="87.63" x2="72.39" y2="87.63" width="0" layer="91"/><wire x1="237.49" y1="134.62" x2="138.43" y2="134.62" width="0" layer="91"/><wire x1="72.39" y1="73.66" x2="90.17" y2="73.66" width="0" layer="91"/></segment></net><net name="4" class="0"><segment><pinref part="U1" pin="SS@3" gate="1"/><pinref part="Css" pin="1@1" gate="1"/><wire x1="234.95" y1="50.8" x2="234.95" y2="68.58" width="0" layer="91"/><wire x1="237.49" y1="68.58" x2="234.95" y2="68.58" width="0" layer="91"/></segment></net><net name="11" class="0"><segment><pinref part="U1" pin="RAMP@4" gate="1"/><pinref part="Rramp" pin="2@2" gate="1"/><pinref part="Cramp" pin="1@1" gate="1"/><wire x1="237.49" y1="83.82" x2="194.31" y2="83.82" width="0" layer="91"/><wire x1="194.31" y1="88.9" x2="194.31" y2="63.5" width="0" layer="91"/></segment></net><net name="7" class="0"><segment><pinref part="U1" pin="RT_SYNC@5" gate="1"/><pinref part="Rt" pin="1@1" gate="1"/><wire x1="237.49" y1="76.2" x2="217.17" y2="76.2" width="0" layer="91"/><wire x1="217.17" y1="63.5" x2="217.17" y2="76.2" width="0" layer="91"/></segment></net><net name="1" class="0"><segment><pinref part="U1" pin="COMP@8" gate="1"/><pinref part="Rcomp" pin="1@1" gate="1"/><pinref part="Ccomp2" pin="1@1" gate="1"/><wire x1="270.51" y1="45.72" x2="267.97" y2="45.72" width="0" layer="91"/><wire x1="278.13" y1="35.56" x2="267.97" y2="35.56" width="0" layer="91"/><wire x1="267.97" y1="58.42" x2="267.97" y2="35.56" width="0" layer="91"/></segment></net><net name="10" class="0"><segment><pinref part="U1" pin="RES_DITH@11" gate="1"/><pinref part="Crst" pin="1@1" gate="1"/><wire x1="148.59" y1="129.54" x2="237.49" y2="129.54" width="0" layer="91"/><wire x1="148.59" y1="74.93" x2="148.59" y2="129.54" width="0" layer="91"/></segment></net><net name="6" class="0"><segment><pinref part="U1" pin="CS@13" gate="1"/><pinref part="D1" pin="A@1" gate="1"/><pinref part="Rsense" pin="1@1" gate="1"/><wire x1="283.21" y1="101.6" x2="308.61" y2="101.6" width="0" layer="91"/></segment></net><net name="5" class="0"><segment><pinref part="U1" pin="SW@14" gate="1"/><pinref part="M1" pin="Source@7" gate="1"/><pinref part="M1" pin="Source@8" gate="1"/><pinref part="M1" pin="Source@9" gate="1"/><pinref part="D1" pin="K@2" gate="1"/><pinref part="L1" pin="1@1" gate="1"/><pinref part="Cboot" pin="1@1" gate="1"/><wire x1="316.23" y1="123.19" x2="316.23" y2="116.84" width="0" layer="91"/><wire x1="289.56" y1="116.84" x2="289.56" y2="127" width="0" layer="91"/><wire x1="283.21" y1="116.84" x2="335.28" y2="116.84" width="0" layer="91"/></segment></net><net name="8" class="0"><segment><pinref part="U1" pin="HG@15" gate="1"/><pinref part="M1" pin="Gate@6" gate="1"/><wire x1="283.21" y1="124.46" x2="308.61" y2="124.46" width="0" layer="91"/><wire x1="308.61" y1="124.46" x2="308.61" y2="130.81" width="0" layer="91"/></segment></net><net name="9" class="0"><segment><pinref part="U1" pin="BOOT@16" gate="1"/><pinref part="Cboot" pin="2@2" gate="1"/><wire x1="283.21" y1="142.24" x2="289.56" y2="142.24" width="0" layer="91"/><wire x1="283.21" y1="142.24" x2="283.21" y2="134.62" width="0" layer="91"/></segment></net><net name="12" class="0"><segment><pinref part="U1" pin="VCC@17" gate="1"/><pinref part="Rramp" pin="1@1" gate="1"/><pinref part="Cvcc" pin="1@1" gate="1"/><wire x1="173.99" y1="73.66" x2="173.99" y2="104.14" width="0" layer="91"/><wire x1="237.49" y1="104.14" x2="173.99" y2="104.14" width="0" layer="91"/></segment></net><net name="16" class="0"><segment><pinref part="Ccomp" pin="1@1" gate="1"/><pinref part="Rcomp" pin="2@2" gate="1"/><wire x1="285.75" y1="45.72" x2="285.75" y2="45.72" width="0" layer="91"/></segment></net><net name="17" class="0"><segment><pinref part="Rcomp2" pin="2@2" gate="1"/><pinref part="Ccomp3" pin="1@1" gate="1"/><wire x1="332.74" y1="81.28" x2="332.74" y2="81.28" width="0" layer="91"/></segment></net></nets></sheet></sheets></schematic></drawing></eagle>
