<eagle version="6.1"><drawing><settings><setting alwaysvectorfont="no" verticaltext="up"/></settings><grid distance="0.1" unitdist="inch" unit="inch" style="lines" multiple="1" display="no" altdistance="0.01" altunitdist="inch" altunit="inch"/><layers><layer number="91" name="Nets" color="2" fill="1" visible="yes" active="yes"/><layer number="92" name="Busses" color="1" fill="1" visible="yes" active="yes"/><layer number="93" name="Pins" color="2" fill="1" visible="no" active="yes"/><layer number="94" name="Symbols" color="4" fill="1" visible="yes" active="yes"/><layer number="95" name="Names" color="7" fill="1" visible="yes" active="yes"/><layer number="96" name="Values" color="7" fill="1" visible="yes" active="yes"/><layer number="97" name="Info" color="7" fill="1" visible="yes" active="yes"/><layer number="98" name="Guide" color="6" fill="1" visible="yes" active="yes"/></layers><schematic><libraries><library name="AcceleratedDesigns_Lib"><packages><package name="0402"><pad name="1" drill="0" y="0" x="-0.4191"/><pad name="2" drill="0" y="0" x="0.4191"/></package><package name="0201"><pad name="1" drill="0" y="0" x="-0.2921"/><pad name="2" drill="0" y="0" x="0.2921"/></package><package name="0603"><pad name="1" drill="0" y="0" x="-0.6985"/><pad name="2" drill="0" y="0" x="0.6985"/></package><package name="0402_065"><pad name="1" drill="0" y="0" x="-0.4191"/><pad name="2" drill="0" y="0" x="0.4191"/></package><package name="2220_280"><pad name="1" drill="0" y="0" x="-2.8321"/><pad name="2" drill="0" y="0" x="2.8321"/></package><package name="01005"><pad name="1" drill="0" y="0" x="-0.4191"/><pad name="2" drill="0" y="0" x="0.4191"/></package><package name="PowerDI5"><pad name="1" drill="0" y="-2.8575" x="-0.92"/><pad name="3" drill="0" y="-2.8575" x="0.92"/><pad name="2" drill="0" y="1.1303" x="0"/></package><package name="XAL6030"><pad name="1" drill="0" y="0" x="-2.0193"/><pad name="2" drill="0" y="0" x="2.0193"/></package><package name="DPAK"><pad name="1" drill="0" y="-5.45" x="-2.28"/><pad name="2" drill="0" y="0.1524" x="0"/><pad name="3" drill="0" y="-5.45" x="2.28"/></package><package name="0612"><pad name="1" drill="0" y="0" x="-0.9525"/><pad name="2" drill="0" y="0" x="0.9525"/></package><package name="MXA16A"><pad name="1" drill="0" y="2.275" x="-2.8"/><pad name="2" drill="0" y="1.625" x="-2.8"/><pad name="3" drill="0" y="0.975" x="-2.8"/><pad name="4" drill="0" y="0.325" x="-2.8"/><pad name="5" drill="0" y="-0.325" x="-2.8"/><pad name="6" drill="0" y="-0.975" x="-2.8"/><pad name="7" drill="0" y="-1.625" x="-2.8"/><pad name="8" drill="0" y="-2.275" x="-2.8"/><pad name="9" drill="0" y="-2.275" x="2.8"/><pad name="10" drill="0" y="-1.625" x="2.8"/><pad name="11" drill="0" y="-0.975" x="2.8"/><pad name="12" drill="0" y="-0.325" x="2.8"/><pad name="13" drill="0" y="0.325" x="2.8"/><pad name="14" drill="0" y="0.975" x="2.8"/><pad name="15" drill="0" y="1.625" x="2.8"/><pad name="16" drill="0" y="2.275" x="2.8"/><pad name="17" drill="0" y="0" x="0"/></package><package name="WB_GND"><pad name="1" drill="0" y="0" x="0"/></package><package name="WB_BATTERY"><pad name="1" drill="0" y="0" x="0"/><pad name="2" drill="0" y="0" x="0"/></package><package name="WB_CURRENT_LOAD"><pad name="1" drill="0" y="0" x="0"/><pad name="2" drill="0" y="0" x="0"/></package></packages><symbols><symbol name="GRM155R71C104KA88D@1"><pin name="1@1" x="7.62" y="0" rot="MR0" direction="pas" length="short" visible="off" swaplevel="0"/><pin name="2@2" x="-7.62" y="0" rot="MR180" direction="pas" length="short" visible="off" swaplevel="0"/><wire x1="7.62" y1="0" x2="5.08" y2="0" width="0.1524" layer="94"/><wire x1="-7.62" y1="0" x2="-5.08" y2="0" width="0.1524" layer="94"/><wire x1="0.762" y1="-3.048" x2="0.762" y2="3.048" width="0.1524" layer="94"/><wire x1="-5.08" y1="0" x2="-0.762" y2="0" width="0.1524" layer="94"/><wire x1="0.762" y1="0" x2="5.08" y2="0" width="0.1524" layer="94"/><wire x1="-0.762" y1="-3.048" x2="-0.762" y2="3.048" width="0.1524" layer="94"/><text size="2" x="0" y="7.62" layer="95" align="center">&gt;NAME</text><text size="2" x="0" y="5.08" layer="96" align="center">&gt;VALUE</text></symbol><symbol name="GRM033R60J223KE01D@1"><pin name="1@1" x="7.62" y="0" rot="MR0" direction="pas" length="short" visible="off" swaplevel="0"/><pin name="2@2" x="-7.62" y="0" rot="MR180" direction="pas" length="short" visible="off" swaplevel="0"/><wire x1="7.62" y1="0" x2="5.08" y2="0" width="0.1524" layer="94"/><wire x1="-7.62" y1="0" x2="-5.08" y2="0" width="0.1524" layer="94"/><wire x1="0.762" y1="-3.048" x2="0.762" y2="3.048" width="0.1524" layer="94"/><wire x1="-5.08" y1="0" x2="-0.762" y2="0" width="0.1524" layer="94"/><wire x1="0.762" y1="0" x2="5.08" y2="0" width="0.1524" layer="94"/><wire x1="-0.762" y1="-3.048" x2="-0.762" y2="3.048" width="0.1524" layer="94"/><text size="2" x="0" y="7.62" layer="95" align="center">&gt;NAME</text><text size="2" x="0" y="5.08" layer="96" align="center">&gt;VALUE</text></symbol><symbol name="GRM188R71H683KA93D@1"><pin name="1@1" x="7.62" y="0" rot="MR0" direction="pas" length="short" visible="off" swaplevel="0"/><pin name="2@2" x="-7.62" y="0" rot="MR180" direction="pas" length="short" visible="off" swaplevel="0"/><wire x1="7.62" y1="0" x2="5.08" y2="0" width="0.1524" layer="94"/><wire x1="-7.62" y1="0" x2="-5.08" y2="0" width="0.1524" layer="94"/><wire x1="0.762" y1="-3.048" x2="0.762" y2="3.048" width="0.1524" layer="94"/><wire x1="-5.08" y1="0" x2="-0.762" y2="0" width="0.1524" layer="94"/><wire x1="0.762" y1="0" x2="5.08" y2="0" width="0.1524" layer="94"/><wire x1="-0.762" y1="-3.048" x2="-0.762" y2="3.048" width="0.1524" layer="94"/><text size="2" x="0" y="7.62" layer="95" align="center">&gt;NAME</text><text size="2" x="0" y="5.08" layer="96" align="center">&gt;VALUE</text></symbol><symbol name="C1005X7S1A225K050BC@1"><pin name="1@1" x="7.62" y="0" rot="MR0" direction="pas" length="short" visible="off" swaplevel="0"/><pin name="2@2" x="-7.62" y="0" rot="MR180" direction="pas" length="short" visible="off" swaplevel="0"/><wire x1="7.62" y1="0" x2="5.08" y2="0" width="0.1524" layer="94"/><wire x1="-7.62" y1="0" x2="-5.08" y2="0" width="0.1524" layer="94"/><wire x1="0.762" y1="-3.048" x2="0.762" y2="3.048" width="0.1524" layer="94"/><wire x1="-5.08" y1="0" x2="-0.762" y2="0" width="0.1524" layer="94"/><wire x1="0.762" y1="0" x2="5.08" y2="0" width="0.1524" layer="94"/><wire x1="-0.762" y1="-3.048" x2="-0.762" y2="3.048" width="0.1524" layer="94"/><text size="2" x="0" y="7.62" layer="95" align="center">&gt;NAME</text><text size="2" x="0" y="5.08" layer="96" align="center">&gt;VALUE</text></symbol><symbol name="GRM155R71A104KA01D@1"><pin name="1@1" x="7.62" y="0" rot="MR0" direction="pas" length="short" visible="off" swaplevel="0"/><pin name="2@2" x="-7.62" y="0" rot="MR180" direction="pas" length="short" visible="off" swaplevel="0"/><wire x1="7.62" y1="0" x2="5.08" y2="0" width="0.1524" layer="94"/><wire x1="-7.62" y1="0" x2="-5.08" y2="0" width="0.1524" layer="94"/><wire x1="0.762" y1="-3.048" x2="0.762" y2="3.048" width="0.1524" layer="94"/><wire x1="-5.08" y1="0" x2="-0.762" y2="0" width="0.1524" layer="94"/><wire x1="0.762" y1="0" x2="5.08" y2="0" width="0.1524" layer="94"/><wire x1="-0.762" y1="-3.048" x2="-0.762" y2="3.048" width="0.1524" layer="94"/><text size="2" x="0" y="7.62" layer="95" align="center">&gt;NAME</text><text size="2" x="0" y="5.08" layer="96" align="center">&gt;VALUE</text></symbol><symbol name="C5750X7S2A156M250KB@1"><pin name="1@1" x="7.62" y="0" rot="MR0" direction="pas" length="short" visible="off" swaplevel="0"/><pin name="2@2" x="-7.62" y="0" rot="MR180" direction="pas" length="short" visible="off" swaplevel="0"/><wire x1="7.62" y1="0" x2="5.08" y2="0" width="0.1524" layer="94"/><wire x1="-7.62" y1="0" x2="-5.08" y2="0" width="0.1524" layer="94"/><wire x1="0.762" y1="-3.048" x2="0.762" y2="3.048" width="0.1524" layer="94"/><wire x1="-5.08" y1="0" x2="-0.762" y2="0" width="0.1524" layer="94"/><wire x1="0.762" y1="0" x2="5.08" y2="0" width="0.1524" layer="94"/><wire x1="-0.762" y1="-3.048" x2="-0.762" y2="3.048" width="0.1524" layer="94"/><text size="2" x="0" y="7.62" layer="95" align="center">&gt;NAME</text><text size="2" x="0" y="5.08" layer="96" align="center">&gt;VALUE</text></symbol><symbol name="C1608X5R1H105K080AB@1"><pin name="1@1" x="7.62" y="0" rot="MR0" direction="pas" length="short" visible="off" swaplevel="0"/><pin name="2@2" x="-7.62" y="0" rot="MR180" direction="pas" length="short" visible="off" swaplevel="0"/><wire x1="7.62" y1="0" x2="5.08" y2="0" width="0.1524" layer="94"/><wire x1="-7.62" y1="0" x2="-5.08" y2="0" width="0.1524" layer="94"/><wire x1="0.762" y1="-3.048" x2="0.762" y2="3.048" width="0.1524" layer="94"/><wire x1="-5.08" y1="0" x2="-0.762" y2="0" width="0.1524" layer="94"/><wire x1="0.762" y1="0" x2="5.08" y2="0" width="0.1524" layer="94"/><wire x1="-0.762" y1="-3.048" x2="-0.762" y2="3.048" width="0.1524" layer="94"/><text size="2" x="0" y="7.62" layer="95" align="center">&gt;NAME</text><text size="2" x="0" y="5.08" layer="96" align="center">&gt;VALUE</text></symbol><symbol name="CL02C101JQ2ANNC@1"><pin name="1@1" x="7.62" y="0" rot="MR0" direction="pas" length="short" visible="off" swaplevel="0"/><pin name="2@2" x="-7.62" y="0" rot="MR180" direction="pas" length="short" visible="off" swaplevel="0"/><wire x1="7.62" y1="0" x2="5.08" y2="0" width="0.1524" layer="94"/><wire x1="-7.62" y1="0" x2="-5.08" y2="0" width="0.1524" layer="94"/><wire x1="0.762" y1="-3.048" x2="0.762" y2="3.048" width="0.1524" layer="94"/><wire x1="-5.08" y1="0" x2="-0.762" y2="0" width="0.1524" layer="94"/><wire x1="0.762" y1="0" x2="5.08" y2="0" width="0.1524" layer="94"/><wire x1="-0.762" y1="-3.048" x2="-0.762" y2="3.048" width="0.1524" layer="94"/><text size="2" x="0" y="7.62" layer="95" align="center">&gt;NAME</text><text size="2" x="0" y="5.08" layer="96" align="center">&gt;VALUE</text></symbol><symbol name="GRM155R71E333KA88D@1"><pin name="1@1" x="7.62" y="0" rot="MR0" direction="pas" length="short" visible="off" swaplevel="0"/><pin name="2@2" x="-7.62" y="0" rot="MR180" direction="pas" length="short" visible="off" swaplevel="0"/><wire x1="7.62" y1="0" x2="5.08" y2="0" width="0.1524" layer="94"/><wire x1="-7.62" y1="0" x2="-5.08" y2="0" width="0.1524" layer="94"/><wire x1="0.762" y1="-3.048" x2="0.762" y2="3.048" width="0.1524" layer="94"/><wire x1="-5.08" y1="0" x2="-0.762" y2="0" width="0.1524" layer="94"/><wire x1="0.762" y1="0" x2="5.08" y2="0" width="0.1524" layer="94"/><wire x1="-0.762" y1="-3.048" x2="-0.762" y2="3.048" width="0.1524" layer="94"/><text size="2" x="0" y="7.62" layer="95" align="center">&gt;NAME</text><text size="2" x="0" y="5.08" layer="96" align="center">&gt;VALUE</text></symbol><symbol name="C1005X5R1V225K050BC@1"><pin name="1@1" x="7.62" y="0" rot="MR0" direction="pas" length="short" visible="off" swaplevel="0"/><pin name="2@2" x="-7.62" y="0" rot="MR180" direction="pas" length="short" visible="off" swaplevel="0"/><wire x1="7.62" y1="0" x2="5.08" y2="0" width="0.1524" layer="94"/><wire x1="-7.62" y1="0" x2="-5.08" y2="0" width="0.1524" layer="94"/><wire x1="0.762" y1="-3.048" x2="0.762" y2="3.048" width="0.1524" layer="94"/><wire x1="-5.08" y1="0" x2="-0.762" y2="0" width="0.1524" layer="94"/><wire x1="0.762" y1="0" x2="5.08" y2="0" width="0.1524" layer="94"/><wire x1="-0.762" y1="-3.048" x2="-0.762" y2="3.048" width="0.1524" layer="94"/><text size="2" x="0" y="7.62" layer="95" align="center">&gt;NAME</text><text size="2" x="0" y="5.08" layer="96" align="center">&gt;VALUE</text></symbol><symbol name="PDS760-13@1"><pin name="A@1" x="7.62" y="0" rot="MR0" direction="pas" length="short" visible="both" swaplevel="0"/><pin name="K@2" x="-7.62" y="0" rot="MR180" direction="pas" length="short" visible="both" swaplevel="0"/><wire x1="7.62" y1="0" x2="5.08" y2="0" width="0.1524" layer="94"/><wire x1="-7.62" y1="0" x2="-5.08" y2="0" width="0.1524" layer="94"/><wire x1="-5.08" y1="0" x2="5.08" y2="0" width="0.1524" layer="94"/><polygon width="0.1524" layer="94"><vertex x="2.032" y="2.54"/><vertex x="-2.032" y="0"/><vertex x="2.032" y="-2.54"/></polygon><wire x1="-2.032" y1="2.54" x2="-2.032" y2="-2.54" width="0.1524" layer="94"/><wire x1="-2.032" y1="2.54" x2="-2.54" y2="2.54" width="0.1524" layer="94"/><wire x1="-2.54" y1="2.54" x2="-2.54" y2="2.032" width="0.1524" layer="94"/><wire x1="-2.032" y1="-2.54" x2="-1.524" y2="-2.54" width="0.1524" layer="94"/><wire x1="-1.524" y1="-2.54" x2="-1.524" y2="-2.032" width="0.1524" layer="94"/><text size="2" x="2.66247379454925E-02" y="3.64758909853249" layer="95" align="center">&gt;NAME</text><text size="2" x="0" y="0" layer="96" align="center">&gt;VALUE</text><pin name="A@3" x="7.62" y="0" rot="MR0" direction="pas" length="short" visible="off" swaplevel="0"/></symbol><symbol name="WB_GND@1"><pin name="1@1" x="0" y="2.54" rot="MR270" direction="pas" length="short" visible="off" swaplevel="0"/><wire x1="0" y1="2.54" x2="0" y2="0" width="0.1524" layer="94"/><wire x1="-3.302" y1="0" x2="3.302" y2="0" width="0.1524" layer="94"/><wire x1="-2.286" y1="-1.016" x2="2.286" y2="-1.016" width="0.1524" layer="94"/><wire x1="-0.762" y1="-2.032" x2="0.762" y2="-2.032" width="0.1524" layer="94"/></symbol><symbol name="XAL6030-122MEB@1"><pin name="2@2" x="7.62" y="0" rot="MR0" direction="pas" length="short" visible="off" swaplevel="0"/><pin name="1@1" x="-7.62" y="0" rot="MR180" direction="pas" length="short" visible="off" swaplevel="0"/><wire cap="round" x1="2.70086965376353" y1="0.835686125023295" x2="2.5488127292636" y2="-6.24799789495706E-04" layer="94" curve="12.47546" width="0.1524"/><wire cap="round" x1="3.80990829544782" y1="1.85597139451402" x2="2.69064524918793" y2="0.838459388755286" layer="94" curve="78.62357" width="0.1524"/><wire cap="round" x1="4.90450120907934" y1="0.838494459997258" x2="3.81012877640754" y2="1.85651641360845" layer="94" curve="79.52696" width="0.1524"/><wire cap="round" x1="5.08194212297714" y1="7.65933497371016E-02" x2="4.90412159312222" y2="0.838683789637753" layer="94" curve="2.683002" width="0.1524"/><wire x1="5.08" y1="7.32740090825246E-14" x2="7.62" y2="8.71708039085205E-14" width="0.1524" layer="94"/><wire cap="round" x1="0.160869647012591" y1="0.835686120495971" x2="8.81272251266148E-03" y2="-6.24804316819648E-04" layer="94" curve="12.47546" width="0.1524"/><wire cap="round" x1="1.26990852880952" y1="1.85597126998469" x2="0.150645552335143" y2="0.838459735984588" layer="94" curve="78.62355" width="0.1524"/><wire cap="round" x1="2.36450120579728" y1="0.838494428025542" x2="1.27012877312548" y2="1.85651638163673" layer="94" curve="79.52696" width="0.1524"/><wire cap="round" x1="2.53556331240561" y1="-0.177885354456139" x2="2.35799865867502" y2="0.83677165558159" layer="94" curve="17.67289" width="0.1524"/><wire cap="round" x1="-2.37913022471952" y1="0.835686100537919" x2="-2.53118714921945" y2="-6.24824274872179E-04" layer="94" curve="12.47546" width="0.1524"/><wire cap="round" x1="-1.27009153439261" y1="1.85597127646014" x2="-2.38935453412885" y2="0.838459585207164" layer="94" curve="78.62356" width="0.1524"/><wire cap="round" x1="-0.17549876466415" y1="0.838494473537584" x2="-1.26987119733595" y2="1.85651642714878" layer="94" curve="79.52696" width="0.1524"/><wire cap="round" x1="-4.43666361586885E-03" y1="-0.177885358125391" x2="-0.182001317346461" y2="0.836771651912338" layer="94" curve="17.67289" width="0.1524"/><wire x1="-7.62" y1="1.31748834064638E-14" x2="-5.08" y2="1.3716316971113E-14" width="0.1524" layer="94"/><wire cap="round" x1="-4.91913036648931" y1="0.835686111441321" x2="-5.07118729098924" y2="-6.2481337147006E-04" layer="94" curve="12.47546" width="0.1524"/><wire cap="round" x1="-3.81009141933233" y1="1.85597124231149" x2="-4.9293543958067" y2="0.838459708311387" layer="94" curve="78.62355" width="0.1524"/><wire cap="round" x1="-2.71549867276639" y1="0.838494472482158" x2="-3.80987126078252" y2="1.85651643468738" layer="94" curve="79.52697" width="0.1524"/><wire cap="round" x1="-2.54443665882017" y1="-0.177885354014588" x2="-2.72200131255076" y2="0.836771656023141" layer="94" curve="17.67289" width="0.1524"/><wire cap="round" x1="-2.54499763137906" y1="2.51755460236626E-03" x2="-2.54499765572502" y2="-0.180317541662839" layer="94" curve="53.47319" width="0.1524"/><wire cap="round" x1="-4.99761237348031E-03" y1="2.51757271580121E-03" x2="-4.9976367194459E-03" y2="-0.180317523549404" layer="94" curve="53.47319" width="0.1524"/><wire cap="round" x1="2.53500243197289" y1="2.51757460827418E-03" x2="2.53500238936746" y2="-0.180317485409697" layer="94" curve="53.47318" width="0.1524"/><text size="2" x="0" y="5.715" layer="95" align="center">&gt;NAME</text><text size="2" x="0" y="3.175" layer="96" align="center">&gt;VALUE</text></symbol><symbol name="FDD8647L@1"><pin name="Drain@1" x="3.81" y="7.62" rot="MR270" direction="pas" length="short" visible="off" swaplevel="0"/><pin name="Gate@2" x="-3.81" y="0" rot="MR180" direction="pas" length="short" visible="off" swaplevel="0"/><pin name="Source@3" x="3.81" y="-7.62" rot="MR90" direction="pas" length="short" visible="off" swaplevel="0"/><wire x1="-3.81" y1="0" x2="-1.27" y2="0" width="0.1524" layer="94"/><wire x1="3.81" y1="7.62" x2="3.81" y2="5.08" width="0.1524" layer="94"/><wire x1="3.81" y1="-7.62" x2="3.81" y2="-5.08" width="0.1524" layer="94"/><wire x1="1.016" y1="2.54" x2="1.016" y2="-2.54" width="0.1524" layer="94"/><wire x1="3.81" y1="2.54" x2="3.81" y2="2.032" width="0.1524" layer="94"/><wire x1="3.81" y1="2.032" x2="1.27" y2="2.032" width="0.1524" layer="94"/><wire x1="2.794" y1="0" x2="3.81" y2="0" width="0.1524" layer="94"/><wire x1="3.81" y1="0" x2="3.81" y2="-2.54" width="0.1524" layer="94"/><wire x1="1.27" y1="-2.032" x2="3.556" y2="-2.032" width="0.1524" layer="94"/><wire x1="3.81" y1="2.54" x2="3.81" y2="2.032" width="0.1524" layer="94"/><wire x1="3.81" y1="2.032" x2="1.016" y2="2.032" width="0.1524" layer="94"/><wire x1="1.016" y1="2.54" x2="1.016" y2="-2.54" width="0.1524" layer="94"/><wire x1="1.016" y1="-2.032" x2="3.81" y2="-2.032" width="0.1524" layer="94"/><polygon width="0" layer="94"><vertex x="1.143" y="0"/><vertex x="2.286" y="1.016"/><vertex x="2.286" y="-1.016"/></polygon><wire x1="2.286" y1="0" x2="3.81" y2="0" width="0.1524" layer="94"/><wire x1="3.81" y1="0" x2="3.81" y2="-2.54" width="0.1524" layer="94"/><wire x1="-1.27" y1="0" x2="0" y2="0" width="0.1524" layer="94"/><wire x1="0" y1="-2.54" x2="0" y2="2.54" width="0.1524" layer="94"/><wire x1="3.81" y1="5.08" x2="3.81" y2="2.54" width="0.1524" layer="94"/><wire x1="3.81" y1="-2.54" x2="3.81" y2="-5.08" width="0.1524" layer="94"/><text size="2" x="-3.175" y="7.62" layer="95" align="center">&gt;NAME</text><text size="2" x="-3.81" y="5.08" layer="96" align="center">&gt;VALUE</text></symbol><symbol name="CRCW04021K65FKED@1"><pin name="1@1" x="7.62" y="0" rot="MR0" direction="pas" length="short" visible="off" swaplevel="0"/><pin name="2@2" x="-7.62" y="0" rot="MR180" direction="pas" length="short" visible="off" swaplevel="0"/><wire x1="7.62" y1="0" x2="5.08" y2="0" width="0.1524" layer="94"/><wire x1="5.08" y1="0" x2="3.81" y2="1.524" width="0.1524" layer="94"/><wire x1="3.81" y1="1.524" x2="1.905" y2="-1.524" width="0.1524" layer="94"/><wire x1="1.905" y1="-1.524" x2="0" y2="1.524" width="0.1524" layer="94"/><wire x1="0" y1="1.524" x2="-1.905" y2="-1.524" width="0.1524" layer="94"/><wire x1="-1.905" y1="-1.524" x2="-3.81" y2="1.524" width="0.1524" layer="94"/><wire x1="-3.81" y1="1.524" x2="-5.08" y2="0" width="0.1524" layer="94"/><wire x1="-5.08" y1="0" x2="-7.62" y2="0" width="0.1524" layer="94"/><text size="2" x="0" y="5.715" layer="95" align="center">&gt;NAME</text><text size="2" x="0" y="3.175" layer="96" align="center">&gt;VALUE</text></symbol><symbol name="CRCW040235K7FKED@1"><pin name="1@1" x="7.62" y="0" rot="MR0" direction="pas" length="short" visible="off" swaplevel="0"/><pin name="2@2" x="-7.62" y="0" rot="MR180" direction="pas" length="short" visible="off" swaplevel="0"/><wire x1="7.62" y1="0" x2="5.08" y2="0" width="0.1524" layer="94"/><wire x1="5.08" y1="0" x2="3.81" y2="1.524" width="0.1524" layer="94"/><wire x1="3.81" y1="1.524" x2="1.905" y2="-1.524" width="0.1524" layer="94"/><wire x1="1.905" y1="-1.524" x2="0" y2="1.524" width="0.1524" layer="94"/><wire x1="0" y1="1.524" x2="-1.905" y2="-1.524" width="0.1524" layer="94"/><wire x1="-1.905" y1="-1.524" x2="-3.81" y2="1.524" width="0.1524" layer="94"/><wire x1="-3.81" y1="1.524" x2="-5.08" y2="0" width="0.1524" layer="94"/><wire x1="-5.08" y1="0" x2="-7.62" y2="0" width="0.1524" layer="94"/><text size="2" x="0" y="5.715" layer="95" align="center">&gt;NAME</text><text size="2" x="0" y="3.175" layer="96" align="center">&gt;VALUE</text></symbol><symbol name="CRCW040241K2FKED@1"><pin name="1@1" x="7.62" y="0" rot="MR0" direction="pas" length="short" visible="off" swaplevel="0"/><pin name="2@2" x="-7.62" y="0" rot="MR180" direction="pas" length="short" visible="off" swaplevel="0"/><wire x1="7.62" y1="0" x2="5.08" y2="0" width="0.1524" layer="94"/><wire x1="5.08" y1="0" x2="3.81" y2="1.524" width="0.1524" layer="94"/><wire x1="3.81" y1="1.524" x2="1.905" y2="-1.524" width="0.1524" layer="94"/><wire x1="1.905" y1="-1.524" x2="0" y2="1.524" width="0.1524" layer="94"/><wire x1="0" y1="1.524" x2="-1.905" y2="-1.524" width="0.1524" layer="94"/><wire x1="-1.905" y1="-1.524" x2="-3.81" y2="1.524" width="0.1524" layer="94"/><wire x1="-3.81" y1="1.524" x2="-5.08" y2="0" width="0.1524" layer="94"/><wire x1="-5.08" y1="0" x2="-7.62" y2="0" width="0.1524" layer="94"/><text size="2" x="0" y="5.715" layer="95" align="center">&gt;NAME</text><text size="2" x="0" y="3.175" layer="96" align="center">&gt;VALUE</text></symbol><symbol name="PRL1632-R006-F-T1@1"><pin name="1@1" x="7.62" y="0" rot="MR0" direction="pas" length="short" visible="off" swaplevel="0"/><pin name="2@2" x="-7.62" y="0" rot="MR180" direction="pas" length="short" visible="off" swaplevel="0"/><wire x1="7.62" y1="0" x2="5.08" y2="0" width="0.1524" layer="94"/><wire x1="5.08" y1="0" x2="3.81" y2="1.524" width="0.1524" layer="94"/><wire x1="3.81" y1="1.524" x2="1.905" y2="-1.524" width="0.1524" layer="94"/><wire x1="1.905" y1="-1.524" x2="0" y2="1.524" width="0.1524" layer="94"/><wire x1="0" y1="1.524" x2="-1.905" y2="-1.524" width="0.1524" layer="94"/><wire x1="-1.905" y1="-1.524" x2="-3.81" y2="1.524" width="0.1524" layer="94"/><wire x1="-3.81" y1="1.524" x2="-5.08" y2="0" width="0.1524" layer="94"/><wire x1="-5.08" y1="0" x2="-7.62" y2="0" width="0.1524" layer="94"/><text size="2" x="0" y="5.715" layer="95" align="center">&gt;NAME</text><text size="2" x="0" y="3.175" layer="96" align="center">&gt;VALUE</text></symbol><symbol name="CRCW04024K87FKED@1"><pin name="1@1" x="7.62" y="0" rot="MR0" direction="pas" length="short" visible="off" swaplevel="0"/><pin name="2@2" x="-7.62" y="0" rot="MR180" direction="pas" length="short" visible="off" swaplevel="0"/><wire x1="7.62" y1="0" x2="5.08" y2="0" width="0.1524" layer="94"/><wire x1="5.08" y1="0" x2="3.81" y2="1.524" width="0.1524" layer="94"/><wire x1="3.81" y1="1.524" x2="1.905" y2="-1.524" width="0.1524" layer="94"/><wire x1="1.905" y1="-1.524" x2="0" y2="1.524" width="0.1524" layer="94"/><wire x1="0" y1="1.524" x2="-1.905" y2="-1.524" width="0.1524" layer="94"/><wire x1="-1.905" y1="-1.524" x2="-3.81" y2="1.524" width="0.1524" layer="94"/><wire x1="-3.81" y1="1.524" x2="-5.08" y2="0" width="0.1524" layer="94"/><wire x1="-5.08" y1="0" x2="-7.62" y2="0" width="0.1524" layer="94"/><text size="2" x="0" y="5.715" layer="95" align="center">&gt;NAME</text><text size="2" x="0" y="3.175" layer="96" align="center">&gt;VALUE</text></symbol><symbol name="CRCW04023K57FKED@1"><pin name="1@1" x="7.62" y="0" rot="MR0" direction="pas" length="short" visible="off" swaplevel="0"/><pin name="2@2" x="-7.62" y="0" rot="MR180" direction="pas" length="short" visible="off" swaplevel="0"/><wire x1="7.62" y1="0" x2="5.08" y2="0" width="0.1524" layer="94"/><wire x1="5.08" y1="0" x2="3.81" y2="1.524" width="0.1524" layer="94"/><wire x1="3.81" y1="1.524" x2="1.905" y2="-1.524" width="0.1524" layer="94"/><wire x1="1.905" y1="-1.524" x2="0" y2="1.524" width="0.1524" layer="94"/><wire x1="0" y1="1.524" x2="-1.905" y2="-1.524" width="0.1524" layer="94"/><wire x1="-1.905" y1="-1.524" x2="-3.81" y2="1.524" width="0.1524" layer="94"/><wire x1="-3.81" y1="1.524" x2="-5.08" y2="0" width="0.1524" layer="94"/><wire x1="-5.08" y1="0" x2="-7.62" y2="0" width="0.1524" layer="94"/><text size="2" x="0" y="5.715" layer="95" align="center">&gt;NAME</text><text size="2" x="0" y="3.175" layer="96" align="center">&gt;VALUE</text></symbol><symbol name="RC0201FR-0710KL@1"><pin name="1@1" x="7.62" y="0" rot="MR0" direction="pas" length="short" visible="off" swaplevel="0"/><pin name="2@2" x="-7.62" y="0" rot="MR180" direction="pas" length="short" visible="off" swaplevel="0"/><wire x1="7.62" y1="0" x2="5.08" y2="0" width="0.1524" layer="94"/><wire x1="5.08" y1="0" x2="3.81" y2="1.524" width="0.1524" layer="94"/><wire x1="3.81" y1="1.524" x2="1.905" y2="-1.524" width="0.1524" layer="94"/><wire x1="1.905" y1="-1.524" x2="0" y2="1.524" width="0.1524" layer="94"/><wire x1="0" y1="1.524" x2="-1.905" y2="-1.524" width="0.1524" layer="94"/><wire x1="-1.905" y1="-1.524" x2="-3.81" y2="1.524" width="0.1524" layer="94"/><wire x1="-3.81" y1="1.524" x2="-5.08" y2="0" width="0.1524" layer="94"/><wire x1="-5.08" y1="0" x2="-7.62" y2="0" width="0.1524" layer="94"/><text size="2" x="0" y="5.715" layer="95" align="center">&gt;NAME</text><text size="2" x="0" y="3.175" layer="96" align="center">&gt;VALUE</text></symbol><symbol name="LM25088MH-1/NOPB@1"><pin name="VIN@1" x="0" y="40.64" rot="MR270" direction="pas" length="short" visible="both" swaplevel="0"/><pin name="EN@2" x="-22.86" y="35.56" rot="MR180" direction="pas" length="short" visible="both" swaplevel="0"/><pin name="SS@3" x="-22.86" y="-30.48" rot="MR180" direction="pas" length="short" visible="both" swaplevel="0"/><pin name="RAMP@4" x="-22.86" y="-15.24" rot="MR180" direction="pas" length="short" visible="both" swaplevel="0"/><pin name="RT_SYNC@5" x="-22.86" y="-22.86" rot="MR180" direction="pas" length="short" visible="both" swaplevel="0"/><pin name="GND@6" x="-7.62" y="-40.64" rot="MR90" direction="pas" length="short" visible="both" swaplevel="0"/><pin name="COMP@8" x="7.62" y="-40.64" rot="MR90" direction="pas" length="short" visible="both" swaplevel="0"/><pin name="FB@9" x="22.86" y="-30.48" rot="MR0" direction="pas" length="short" visible="both" swaplevel="0"/><pin name="OUT@10" x="22.86" y="-22.86" rot="MR0" direction="pas" length="short" visible="both" swaplevel="0"/><pin name="RES_DITH@11" x="-22.86" y="30.48" rot="MR180" direction="pas" length="short" visible="both" swaplevel="0"/><pin name="CSG@12" x="22.86" y="-12.7" rot="MR0" direction="pas" length="short" visible="both" swaplevel="0"/><pin name="CS@13" x="22.86" y="2.54" rot="MR0" direction="pas" length="short" visible="both" swaplevel="0"/><pin name="SW@14" x="22.86" y="17.78" rot="MR0" direction="pas" length="short" visible="both" swaplevel="0"/><pin name="HG@15" x="22.86" y="25.4" rot="MR0" direction="pas" length="short" visible="both" swaplevel="0"/><pin name="BOOT@16" x="22.86" y="35.56" rot="MR0" direction="pas" length="short" visible="both" swaplevel="0"/><pin name="VCC@17" x="-22.86" y="5.08" rot="MR180" direction="pas" length="short" visible="both" swaplevel="0"/><wire x1="-20.32" y1="38.1" x2="20.32" y2="38.1" width="0.1524" layer="94"/><wire x1="20.32" y1="38.1" x2="20.32" y2="-38.1" width="0.1524" layer="94"/><wire x1="20.32" y1="-38.1" x2="-20.32" y2="-38.1" width="0.1524" layer="94"/><wire x1="-20.32" y1="-38.1" x2="-20.32" y2="38.1" width="0.1524" layer="94"/><wire x1="0" y1="40.64" x2="0" y2="38.1" width="0.1524" layer="94"/><wire x1="-22.86" y1="35.56" x2="-20.32" y2="35.56" width="0.1524" layer="94"/><wire x1="-22.86" y1="-30.48" x2="-20.32" y2="-30.48" width="0.1524" layer="94"/><wire x1="-22.86" y1="-15.24" x2="-20.32" y2="-15.24" width="0.1524" layer="94"/><wire x1="-22.86" y1="-22.86" x2="-20.32" y2="-22.86" width="0.1524" layer="94"/><wire x1="-7.62" y1="-40.64" x2="-7.62" y2="-38.1" width="0.1524" layer="94"/><wire x1="7.62" y1="-40.64" x2="7.62" y2="-38.1" width="0.1524" layer="94"/><wire x1="22.86" y1="-30.48" x2="20.32" y2="-30.48" width="0.1524" layer="94"/><wire x1="22.86" y1="-22.86" x2="20.32" y2="-22.86" width="0.1524" layer="94"/><wire x1="-22.86" y1="30.48" x2="-20.32" y2="30.48" width="0.1524" layer="94"/><wire x1="22.86" y1="-12.7" x2="20.32" y2="-12.7" width="0.1524" layer="94"/><wire x1="22.86" y1="2.54" x2="20.32" y2="2.54" width="0.1524" layer="94"/><wire x1="22.86" y1="17.78" x2="20.32" y2="17.78" width="0.1524" layer="94"/><wire x1="22.86" y1="25.4" x2="20.32" y2="25.4" width="0.1524" layer="94"/><wire x1="22.86" y1="35.56" x2="20.32" y2="35.56" width="0.1524" layer="94"/><wire x1="-22.86" y1="5.08" x2="-20.32" y2="5.08" width="0.1524" layer="94"/><text size="2" x="-0.30589247311828" y="4.35896774193547" layer="95" align="center">&gt;NAME</text><text size="2" x="-0.30589247311828" y="-3.90012903225806" layer="96" align="center">&gt;VALUE</text><pin name="EP@7" x="-7.62" y="-40.64" rot="MR90" direction="pas" length="short" visible="off" swaplevel="0"/></symbol><symbol name="UMK105CG181JV-F@1"><pin name="1@1" x="7.62" y="0" rot="MR0" direction="pas" length="short" visible="off" swaplevel="0"/><pin name="2@2" x="-7.62" y="0" rot="MR180" direction="pas" length="short" visible="off" swaplevel="0"/><wire x1="7.62" y1="0" x2="5.08" y2="0" width="0.1524" layer="94"/><wire x1="-7.62" y1="0" x2="-5.08" y2="0" width="0.1524" layer="94"/><wire x1="0.762" y1="-3.048" x2="0.762" y2="3.048" width="0.1524" layer="94"/><wire x1="-5.08" y1="0" x2="-0.762" y2="0" width="0.1524" layer="94"/><wire x1="0.762" y1="0" x2="5.08" y2="0" width="0.1524" layer="94"/><wire x1="-0.762" y1="-3.048" x2="-0.762" y2="3.048" width="0.1524" layer="94"/><text size="2" x="0" y="7.62" layer="95" align="center">&gt;NAME</text><text size="2" x="0" y="5.08" layer="96" align="center">&gt;VALUE</text></symbol><symbol name="CRCW040226K7FKED@1"><pin name="1@1" x="7.62" y="0" rot="MR0" direction="pas" length="short" visible="off" swaplevel="0"/><pin name="2@2" x="-7.62" y="0" rot="MR180" direction="pas" length="short" visible="off" swaplevel="0"/><wire x1="7.62" y1="0" x2="5.08" y2="0" width="0.1524" layer="94"/><wire x1="5.08" y1="0" x2="3.81" y2="1.524" width="0.1524" layer="94"/><wire x1="3.81" y1="1.524" x2="1.905" y2="-1.524" width="0.1524" layer="94"/><wire x1="1.905" y1="-1.524" x2="0" y2="1.524" width="0.1524" layer="94"/><wire x1="0" y1="1.524" x2="-1.905" y2="-1.524" width="0.1524" layer="94"/><wire x1="-1.905" y1="-1.524" x2="-3.81" y2="1.524" width="0.1524" layer="94"/><wire x1="-3.81" y1="1.524" x2="-5.08" y2="0" width="0.1524" layer="94"/><wire x1="-5.08" y1="0" x2="-7.62" y2="0" width="0.1524" layer="94"/><text size="2" x="0" y="5.715" layer="95" align="center">&gt;NAME</text><text size="2" x="0" y="3.175" layer="96" align="center">&gt;VALUE</text></symbol><symbol name="C0402C0G1C220K020BC@1"><pin name="1@1" x="7.62" y="0" rot="MR0" direction="pas" length="short" visible="off" swaplevel="0"/><pin name="2@2" x="-7.62" y="0" rot="MR180" direction="pas" length="short" visible="off" swaplevel="0"/><wire x1="7.62" y1="0" x2="5.08" y2="0" width="0.1524" layer="94"/><wire x1="-7.62" y1="0" x2="-5.08" y2="0" width="0.1524" layer="94"/><wire x1="0.762" y1="-3.048" x2="0.762" y2="3.048" width="0.1524" layer="94"/><wire x1="-5.08" y1="0" x2="-0.762" y2="0" width="0.1524" layer="94"/><wire x1="0.762" y1="0" x2="5.08" y2="0" width="0.1524" layer="94"/><wire x1="-0.762" y1="-3.048" x2="-0.762" y2="3.048" width="0.1524" layer="94"/><text size="2" x="0" y="7.62" layer="95" align="center">&gt;NAME</text><text size="2" x="0" y="5.08" layer="96" align="center">&gt;VALUE</text></symbol><symbol name="CRCW04024K42FKED@1"><pin name="1@1" x="7.62" y="0" rot="MR0" direction="pas" length="short" visible="off" swaplevel="0"/><pin name="2@2" x="-7.62" y="0" rot="MR180" direction="pas" length="short" visible="off" swaplevel="0"/><wire x1="7.62" y1="0" x2="5.08" y2="0" width="0.1524" layer="94"/><wire x1="5.08" y1="0" x2="3.81" y2="1.524" width="0.1524" layer="94"/><wire x1="3.81" y1="1.524" x2="1.905" y2="-1.524" width="0.1524" layer="94"/><wire x1="1.905" y1="-1.524" x2="0" y2="1.524" width="0.1524" layer="94"/><wire x1="0" y1="1.524" x2="-1.905" y2="-1.524" width="0.1524" layer="94"/><wire x1="-1.905" y1="-1.524" x2="-3.81" y2="1.524" width="0.1524" layer="94"/><wire x1="-3.81" y1="1.524" x2="-5.08" y2="0" width="0.1524" layer="94"/><wire x1="-5.08" y1="0" x2="-7.62" y2="0" width="0.1524" layer="94"/><text size="2" x="0" y="5.715" layer="95" align="center">&gt;NAME</text><text size="2" x="0" y="3.175" layer="96" align="center">&gt;VALUE</text></symbol><symbol name="0101YA120JAT2A@1"><pin name="1@1" x="7.62" y="0" rot="MR0" direction="pas" length="short" visible="off" swaplevel="0"/><pin name="2@2" x="-7.62" y="0" rot="MR180" direction="pas" length="short" visible="off" swaplevel="0"/><wire x1="7.62" y1="0" x2="5.08" y2="0" width="0.1524" layer="94"/><wire x1="-7.62" y1="0" x2="-5.08" y2="0" width="0.1524" layer="94"/><wire x1="0.762" y1="-3.048" x2="0.762" y2="3.048" width="0.1524" layer="94"/><wire x1="-5.08" y1="0" x2="-0.762" y2="0" width="0.1524" layer="94"/><wire x1="0.762" y1="0" x2="5.08" y2="0" width="0.1524" layer="94"/><wire x1="-0.762" y1="-3.048" x2="-0.762" y2="3.048" width="0.1524" layer="94"/><text size="2" x="0" y="7.62" layer="95" align="center">&gt;NAME</text><text size="2" x="0" y="5.08" layer="96" align="center">&gt;VALUE</text></symbol><symbol name="WB_BATTERY@1"><pin name="+@1" x="-7.62" y="0" rot="MR180" direction="pas" length="short" visible="off" swaplevel="0"/><pin name="-@2" x="7.62" y="0" rot="MR0" direction="pas" length="short" visible="off" swaplevel="0"/><wire x1="-2.032" y1="0" x2="-7.62" y2="0" width="0.1524" layer="94"/><wire x1="-1.778" y1="-3.048" x2="-1.778" y2="3.048" width="0.1524" layer="94"/><wire x1="1.016" y1="-3.048" x2="1.016" y2="3.048" width="0.1524" layer="94"/><wire x1="7.62" y1="0" x2="2.794" y2="0" width="0.1524" layer="94"/><wire x1="-0.508" y1="-1.27" x2="-0.508" y2="1.27" width="0.1524" layer="94"/><wire x1="-0.254" y1="-1.27" x2="-0.254" y2="1.27" width="0.1524" layer="94"/><wire x1="-3.556" y1="2.286" x2="-3.556" y2="3.81" width="0.1524" layer="94"/><wire x1="-2.794" y1="3.048" x2="-4.318" y2="3.048" width="0.1524" layer="94"/><wire x1="3.302" y1="2.54" x2="3.302" y2="3.81" width="0.1524" layer="94"/><wire x1="2.54" y1="-1.27" x2="2.54" y2="1.27" width="0.1524" layer="94"/><wire x1="2.286" y1="-1.27" x2="2.286" y2="1.27" width="0.1524" layer="94"/><text size="2" x="0" y="5.08" layer="95" align="center">&gt;NAME</text></symbol><symbol name="WB_CURRENT_LOAD@1"><pin name="+@1" x="-7.62" y="0" rot="MR180" direction="pas" length="short" visible="off" swaplevel="0"/><pin name="-@2" x="7.62" y="0" rot="MR0" direction="pas" length="short" visible="off" swaplevel="0"/><wire cap="round" x1="-3.80144541893069" y1="6.11111003035226E-05" x2="-2.68631595182662" y2="-2.68638598005626" layer="94" curve="44.25835" width="0.1524"/><wire cap="round" x1="-2.7008340002096" y1="-2.70084492188432" x2="-3.010245531766E-05" y2="-3.82193519093877" layer="94" curve="44.8182" width="0.1524"/><wire cap="round" x1="-1.47901228405671E-05" y1="-3.81607473385618" x2="2.69671339012067" y2="-2.69667753776659" layer="94" curve="45.38076" width="0.1524"/><wire cap="round" x1="2.69020543466835" y1="-2.69018253944063" x2="3.80688023502889" y2="-1.58895406142942E-05" layer="94" curve="45.58721" width="0.1524"/><wire cap="round" x1="3.80144542387741" y1="-6.17958751984642E-05" x2="2.68631643327033" y2="2.68638549307261" layer="94" curve="44.25835" width="0.1524"/><wire cap="round" x1="2.70083237377049" y1="2.70084654561062" x2="2.78042467919214E-05" y2="3.82193519631281" layer="94" curve="44.8182" width="0.1524"/><wire cap="round" x1="1.57980194586995E-05" y1="3.81607473126472" x2="-2.69671268033746" y2="2.69667825335733" layer="94" curve="45.38076" width="0.1524"/><wire cap="round" x1="-2.69020543466835" y1="2.69018253944063" x2="-3.80688023502889" y2="1.58895406171733E-05" layer="94" curve="45.58721" width="0.1524"/><wire x1="7.62" y1="0" x2="3.81" y2="0" width="0.1524" layer="94"/><wire x1="-3.81" y1="0" x2="-7.62" y2="0" width="0.1524" layer="94"/><wire x1="0.762" y1="-1.778" x2="3.048" y2="0" width="0.1524" layer="94"/><wire x1="0.762" y1="1.778" x2="3.048" y2="0" width="0.1524" layer="94"/><wire x1="3.048" y1="0" x2="-3.048" y2="0" width="0.1524" layer="94"/></symbol></symbols><devicesets><deviceset name="GRM155R71C104KA88D" prefix=""><gates><gate name="1" addlevel="always" y="0" x="0" symbol="GRM155R71C104KA88D@1"/></gates><devices><device name="GRM155R71C104KA88D" package="0402"><connects><connect pad="1" pin="1@1" gate="1"/><connect pad="2" pin="2@2" gate="1"/></connects><technologies><technology name=""><attribute name="Cap" value="1.0E-7" constant="no"/><attribute name="ESR" value="0.0" constant="no"/><attribute name="IRMS" value="0.0" constant="no"/><attribute name="VDC" value="16.0" constant="no"/><attribute name="Manufacturer_Part_Number" value="GRM155R71C104KA88D" constant="no"/><attribute name="Vendor" value="MuRata" constant="no"/><attribute name="Manufacturer_Name" value="MuRata" constant="no"/></technology></technologies></device></devices></deviceset><deviceset name="GRM033R60J223KE01D" prefix=""><gates><gate name="1" addlevel="always" y="0" x="0" symbol="GRM033R60J223KE01D@1"/></gates><devices><device name="GRM033R60J223KE01D" package="0201"><connects><connect pad="1" pin="1@1" gate="1"/><connect pad="2" pin="2@2" gate="1"/></connects><technologies><technology name=""><attribute name="Cap" value="2.2E-8" constant="no"/><attribute name="ESR" value="0.0" constant="no"/><attribute name="IRMS" value="0.0" constant="no"/><attribute name="VDC" value="6.3" constant="no"/><attribute name="Manufacturer_Part_Number" value="GRM033R60J223KE01D" constant="no"/><attribute name="Vendor" value="MuRata" constant="no"/><attribute name="Manufacturer_Name" value="MuRata" constant="no"/></technology></technologies></device></devices></deviceset><deviceset name="GRM188R71H683KA93D" prefix=""><gates><gate name="1" addlevel="always" y="0" x="0" symbol="GRM188R71H683KA93D@1"/></gates><devices><device name="GRM188R71H683KA93D" package="0603"><connects><connect pad="1" pin="1@1" gate="1"/><connect pad="2" pin="2@2" gate="1"/></connects><technologies><technology name=""><attribute name="Cap" value="6.8E-8" constant="no"/><attribute name="ESR" value="0.0" constant="no"/><attribute name="IRMS" value="0.0" constant="no"/><attribute name="VDC" value="50.0" constant="no"/><attribute name="Manufacturer_Part_Number" value="GRM188R71H683KA93D" constant="no"/><attribute name="Vendor" value="MuRata" constant="no"/><attribute name="Manufacturer_Name" value="MuRata" constant="no"/></technology></technologies></device></devices></deviceset><deviceset name="C1005X7S1A225K050BC" prefix=""><gates><gate name="1" addlevel="always" y="0" x="0" symbol="C1005X7S1A225K050BC@1"/></gates><devices><device name="C1005X7S1A225K050BC" package="0402_065"><connects><connect pad="1" pin="1@1" gate="1"/><connect pad="2" pin="2@2" gate="1"/></connects><technologies><technology name=""><attribute name="Datasheet_URL" value="https://product.tdk.com/en/search/capacitor/ceramic/mlcc/info?part%5Fno%3DC1005X7S1A225K050BC" constant="no"/><attribute name="Cap" value="2.2E-6" constant="no"/><attribute name="ESR" value="0.005925" constant="no"/><attribute name="IRMS" value="2.05591" constant="no"/><attribute name="VDC" value="10.0" constant="no"/><attribute name="Manufacturer_Part_Number" value="C1005X7S1A225K050BC" constant="no"/><attribute name="Vendor" value="TDK" constant="no"/><attribute name="Manufacturer_Name" value="TDK" constant="no"/></technology></technologies></device></devices></deviceset><deviceset name="GRM155R71A104KA01D" prefix=""><gates><gate name="1" addlevel="always" y="0" x="0" symbol="GRM155R71A104KA01D@1"/></gates><devices><device name="GRM155R71A104KA01D" package="0402"><connects><connect pad="1" pin="1@1" gate="1"/><connect pad="2" pin="2@2" gate="1"/></connects><technologies><technology name=""><attribute name="Cap" value="1.0E-7" constant="no"/><attribute name="ESR" value="0.0" constant="no"/><attribute name="IRMS" value="0.0" constant="no"/><attribute name="VDC" value="10.0" constant="no"/><attribute name="Manufacturer_Part_Number" value="GRM155R71A104KA01D" constant="no"/><attribute name="Vendor" value="MuRata" constant="no"/><attribute name="Manufacturer_Name" value="MuRata" constant="no"/></technology></technologies></device></devices></deviceset><deviceset name="C5750X7S2A156M250KB" prefix=""><gates><gate name="1" addlevel="always" y="0" x="0" symbol="C5750X7S2A156M250KB@1"/></gates><devices><device name="C5750X7S2A156M250KB" package="2220_280"><connects><connect pad="1" pin="1@1" gate="1"/><connect pad="2" pin="2@2" gate="1"/></connects><technologies><technology name=""><attribute name="Datasheet_URL" value="https://product.tdk.com/en/search/capacitor/ceramic/mlcc/info?part%5Fno%3DC5750X7S2A156M250KB" constant="no"/><attribute name="Cap" value="1.5E-5" constant="no"/><attribute name="ESR" value="0.002642" constant="no"/><attribute name="IRMS" value="5.61617" constant="no"/><attribute name="VDC" value="100.0" constant="no"/><attribute name="Manufacturer_Part_Number" value="C5750X7S2A156M250KB" constant="no"/><attribute name="Vendor" value="TDK" constant="no"/><attribute name="Manufacturer_Name" value="TDK" constant="no"/></technology></technologies></device></devices></deviceset><deviceset name="C1608X5R1H105K080AB" prefix=""><gates><gate name="1" addlevel="always" y="0" x="0" symbol="C1608X5R1H105K080AB@1"/></gates><devices><device name="C1608X5R1H105K080AB" package="0603"><connects><connect pad="1" pin="1@1" gate="1"/><connect pad="2" pin="2@2" gate="1"/></connects><technologies><technology name=""><attribute name="Datasheet_URL" value="https://product.tdk.com/en/search/capacitor/ceramic/mlcc/info?part%5Fno%3DC1608X5R1H105K080AB" constant="no"/><attribute name="Cap" value="1.0E-6" constant="no"/><attribute name="ESR" value="0.005522" constant="no"/><attribute name="IRMS" value="2.21617" constant="no"/><attribute name="VDC" value="50.0" constant="no"/><attribute name="Manufacturer_Part_Number" value="C1608X5R1H105K080AB" constant="no"/><attribute name="Vendor" value="TDK" constant="no"/><attribute name="Manufacturer_Name" value="TDK" constant="no"/></technology></technologies></device></devices></deviceset><deviceset name="CL02C101JQ2ANNC" prefix=""><gates><gate name="1" addlevel="always" y="0" x="0" symbol="CL02C101JQ2ANNC@1"/></gates><devices><device name="CL02C101JQ2ANNC" package="01005"><connects><connect pad="1" pin="1@1" gate="1"/><connect pad="2" pin="2@2" gate="1"/></connects><technologies><technology name=""><attribute name="Datasheet_URL" value="http://www.samsungsem.com/servlet/FileDownload?type%3Dspec%26file%3DCL02C101JQ2ANNC.pdf" constant="no"/><attribute name="Cap" value="1.0E-10" constant="no"/><attribute name="ESR" value="0.0" constant="no"/><attribute name="IRMS" value="0.0" constant="no"/><attribute name="VDC" value="6.3" constant="no"/><attribute name="Manufacturer_Part_Number" value="CL02C101JQ2ANNC" constant="no"/><attribute name="Vendor" value="Samsung Electro-Mechanics" constant="no"/><attribute name="Manufacturer_Name" value="Samsung Electro-Mechanics" constant="no"/></technology></technologies></device></devices></deviceset><deviceset name="GRM155R71E333KA88D" prefix=""><gates><gate name="1" addlevel="always" y="0" x="0" symbol="GRM155R71E333KA88D@1"/></gates><devices><device name="GRM155R71E333KA88D" package="0402"><connects><connect pad="1" pin="1@1" gate="1"/><connect pad="2" pin="2@2" gate="1"/></connects><technologies><technology name=""><attribute name="Cap" value="3.3E-8" constant="no"/><attribute name="ESR" value="0.0" constant="no"/><attribute name="IRMS" value="0.0" constant="no"/><attribute name="VDC" value="25.0" constant="no"/><attribute name="Manufacturer_Part_Number" value="GRM155R71E333KA88D" constant="no"/><attribute name="Vendor" value="MuRata" constant="no"/><attribute name="Manufacturer_Name" value="MuRata" constant="no"/></technology></technologies></device></devices></deviceset><deviceset name="C1005X5R1V225K050BC" prefix=""><gates><gate name="1" addlevel="always" y="0" x="0" symbol="C1005X5R1V225K050BC@1"/></gates><devices><device name="C1005X5R1V225K050BC" package="0402"><connects><connect pad="1" pin="1@1" gate="1"/><connect pad="2" pin="2@2" gate="1"/></connects><technologies><technology name=""><attribute name="Datasheet_URL" value="https://product.tdk.com/en/search/capacitor/ceramic/mlcc/info?part%5Fno%3DC1005X5R1V225K050BC" constant="no"/><attribute name="Cap" value="2.2E-6" constant="no"/><attribute name="ESR" value="0.005925" constant="no"/><attribute name="IRMS" value="2.05591" constant="no"/><attribute name="VDC" value="35.0" constant="no"/><attribute name="Manufacturer_Part_Number" value="C1005X5R1V225K050BC" constant="no"/><attribute name="Vendor" value="TDK" constant="no"/><attribute name="Manufacturer_Name" value="TDK" constant="no"/></technology></technologies></device></devices></deviceset><deviceset name="PDS760-13" prefix=""><gates><gate name="1" addlevel="always" y="0" x="0" symbol="PDS760-13@1"/></gates><devices><device name="PDS760-13" package="PowerDI5"><connects><connect pad="1" pin="A@1" gate="1"/><connect pad="2" pin="K@2" gate="1"/><connect pad="3" pin="A@3" gate="1"/></connects><technologies><technology name=""><attribute name="Datasheet_URL" value="www.diodes.com/datasheets/ds30477.pdf" constant="no"/><attribute name="Io" value="7.0" constant="no"/><attribute name="VRRM" value="60.0" constant="no"/><attribute name="VFatIo" value="0.56" constant="no"/><attribute name="Manufacturer_Part_Number" value="PDS760-13" constant="no"/><attribute name="Vendor" value="Diodes Inc." constant="no"/><attribute name="Manufacturer_Name" value="Diodes Inc." constant="no"/></technology></technologies></device></devices></deviceset><deviceset name="WB_GND" prefix=""><gates><gate name="1" addlevel="always" y="0" x="0" symbol="WB_GND@1"/></gates><devices><device name="WB_GND" package="WB_GND"><connects><connect pad="1" pin="1@1" gate="1"/></connects><technologies><technology name=""><attribute name="Value" value="Value" constant="no"/><attribute name="Manufacturer_Part_Number" value="WB_GND" constant="no"/><attribute name="Manufacturer_Name" value="WB_GND" constant="no"/><attribute name="PowerPortType" value="POWER_GROUND" constant="no"/></technology></technologies></device></devices></deviceset><deviceset name="XAL6030-122MEB" prefix=""><gates><gate name="1" addlevel="always" y="0" x="0" symbol="XAL6030-122MEB@1"/></gates><devices><device name="XAL6030-122MEB" package="XAL6030"><connects><connect pad="1" pin="1@1" gate="1"/><connect pad="2" pin="2@2" gate="1"/></connects><technologies><technology name=""><attribute name="L" value="1.2E-6" constant="no"/><attribute name="DCR" value="0.01" constant="no"/><attribute name="IDC" value="15.8" constant="no"/><attribute name="Manufacturer_Part_Number" value="XAL6030-122MEB" constant="no"/><attribute name="Vendor" value="Coilcraft" constant="no"/><attribute name="Manufacturer_Name" value="Coilcraft" constant="no"/></technology></technologies></device></devices></deviceset><deviceset name="FDD8647L" prefix=""><gates><gate name="1" addlevel="always" y="0" x="0" symbol="FDD8647L@1"/></gates><devices><device name="FDD8647L" package="DPAK"><connects><connect pad="2" pin="Drain@1" gate="1"/><connect pad="1" pin="Gate@2" gate="1"/><connect pad="3" pin="Source@3" gate="1"/></connects><technologies><technology name=""><attribute name="Datasheet_URL" value="http://www.fairchildsemi.com/ds/FD/FDD8647L.pdf" constant="no"/><attribute name="VdsMax" value="40.0" constant="no"/><attribute name="IdsMax" value="14.0" constant="no"/><attribute name="Rdson45" value="0.0099" constant="no"/><attribute name="QgTyp" value="15.0" constant="no"/><attribute name="Quantity" value="1" constant="no"/><attribute name="Manufacturer_Part_Number" value="FDD8647L" constant="no"/><attribute name="Vendor" value="Fairchild Semiconductor" constant="no"/><attribute name="Manufacturer_Name" value="Fairchild Semiconductor" constant="no"/></technology></technologies></device></devices></deviceset><deviceset name="CRCW04021K65FKED" prefix=""><gates><gate name="1" addlevel="always" y="0" x="0" symbol="CRCW04021K65FKED@1"/></gates><devices><device name="CRCW04021K65FKED" package="0402"><connects><connect pad="1" pin="1@1" gate="1"/><connect pad="2" pin="2@2" gate="1"/></connects><technologies><technology name=""><attribute name="Resistance" value="1650.0" constant="no"/><attribute name="Power" value="0.063" constant="no"/><attribute name="Tolerance" value="1.0" constant="no"/><attribute name="Manufacturer_Part_Number" value="CRCW04021K65FKED" constant="no"/><attribute name="Vendor" value="Vishay-Dale" constant="no"/><attribute name="Manufacturer_Name" value="Vishay-Dale" constant="no"/></technology></technologies></device></devices></deviceset><deviceset name="CRCW040235K7FKED" prefix=""><gates><gate name="1" addlevel="always" y="0" x="0" symbol="CRCW040235K7FKED@1"/></gates><devices><device name="CRCW040235K7FKED" package="0402"><connects><connect pad="1" pin="1@1" gate="1"/><connect pad="2" pin="2@2" gate="1"/></connects><technologies><technology name=""><attribute name="Resistance" value="35700.0" constant="no"/><attribute name="Power" value="0.063" constant="no"/><attribute name="Tolerance" value="1.0" constant="no"/><attribute name="Manufacturer_Part_Number" value="CRCW040235K7FKED" constant="no"/><attribute name="Vendor" value="Vishay-Dale" constant="no"/><attribute name="Manufacturer_Name" value="Vishay-Dale" constant="no"/></technology></technologies></device></devices></deviceset><deviceset name="CRCW040241K2FKED" prefix=""><gates><gate name="1" addlevel="always" y="0" x="0" symbol="CRCW040241K2FKED@1"/></gates><devices><device name="CRCW040241K2FKED" package="0402"><connects><connect pad="1" pin="1@1" gate="1"/><connect pad="2" pin="2@2" gate="1"/></connects><technologies><technology name=""><attribute name="Resistance" value="41200.0" constant="no"/><attribute name="Power" value="0.063" constant="no"/><attribute name="Tolerance" value="1.0" constant="no"/><attribute name="Manufacturer_Part_Number" value="CRCW040241K2FKED" constant="no"/><attribute name="Vendor" value="Vishay-Dale" constant="no"/><attribute name="Manufacturer_Name" value="Vishay-Dale" constant="no"/></technology></technologies></device></devices></deviceset><deviceset name="PRL1632-R006-F-T1" prefix=""><gates><gate name="1" addlevel="always" y="0" x="0" symbol="PRL1632-R006-F-T1@1"/></gates><devices><device name="PRL1632-R006-F-T1" package="0612"><connects><connect pad="1" pin="1@1" gate="1"/><connect pad="2" pin="2@2" gate="1"/></connects><technologies><technology name=""><attribute name="Datasheet_URL" value="http://www.susumu%2Dusa.com/pdf/PRL%5FRL%5FData%5Fsheet.pdf" constant="no"/><attribute name="Resistance" value="0.006" constant="no"/><attribute name="Power" value="1.0" constant="no"/><attribute name="Tolerance" value="1.0" constant="no"/><attribute name="Manufacturer_Part_Number" value="PRL1632-R006-F-T1" constant="no"/><attribute name="Vendor" value="Susumu Co Ltd" constant="no"/><attribute name="Manufacturer_Name" value="Susumu Co Ltd" constant="no"/></technology></technologies></device></devices></deviceset><deviceset name="CRCW04024K87FKED" prefix=""><gates><gate name="1" addlevel="always" y="0" x="0" symbol="CRCW04024K87FKED@1"/></gates><devices><device name="CRCW04024K87FKED" package="0402"><connects><connect pad="1" pin="1@1" gate="1"/><connect pad="2" pin="2@2" gate="1"/></connects><technologies><technology name=""><attribute name="Resistance" value="4870.0" constant="no"/><attribute name="Power" value="0.063" constant="no"/><attribute name="Tolerance" value="1.0" constant="no"/><attribute name="Manufacturer_Part_Number" value="CRCW04024K87FKED" constant="no"/><attribute name="Vendor" value="Vishay-Dale" constant="no"/><attribute name="Manufacturer_Name" value="Vishay-Dale" constant="no"/></technology></technologies></device></devices></deviceset><deviceset name="CRCW04023K57FKED" prefix=""><gates><gate name="1" addlevel="always" y="0" x="0" symbol="CRCW04023K57FKED@1"/></gates><devices><device name="CRCW04023K57FKED" package="0402"><connects><connect pad="1" pin="1@1" gate="1"/><connect pad="2" pin="2@2" gate="1"/></connects><technologies><technology name=""><attribute name="Resistance" value="3570.0" constant="no"/><attribute name="Power" value="0.063" constant="no"/><attribute name="Tolerance" value="1.0" constant="no"/><attribute name="Manufacturer_Part_Number" value="CRCW04023K57FKED" constant="no"/><attribute name="Vendor" value="Vishay-Dale" constant="no"/><attribute name="Manufacturer_Name" value="Vishay-Dale" constant="no"/></technology></technologies></device></devices></deviceset><deviceset name="RC0201FR-0710KL" prefix=""><gates><gate name="1" addlevel="always" y="0" x="0" symbol="RC0201FR-0710KL@1"/></gates><devices><device name="RC0201FR-0710KL" package="0201"><connects><connect pad="1" pin="1@1" gate="1"/><connect pad="2" pin="2@2" gate="1"/></connects><technologies><technology name=""><attribute name="Datasheet_URL" value="http://www.yageo.com/documents/recent/PYu%2DRC%5FGroup%5F51%5FRoHS%5FL%5F5.pdf" constant="no"/><attribute name="Resistance" value="10000.0" constant="no"/><attribute name="Power" value="0.05" constant="no"/><attribute name="Tolerance" value="1.0" constant="no"/><attribute name="Manufacturer_Part_Number" value="RC0201FR-0710KL" constant="no"/><attribute name="Vendor" value="Yageo America" constant="no"/><attribute name="Manufacturer_Name" value="Yageo" constant="no"/></technology></technologies></device></devices></deviceset><deviceset name="LM25088MH-1/NOPB" prefix=""><gates><gate name="1" addlevel="always" y="0" x="0" symbol="LM25088MH-1/NOPB@1"/></gates><devices><device name="LM25088MH-1/NOPB" package="MXA16A"><connects><connect pad="1" pin="VIN@1" gate="1"/><connect pad="2" pin="EN@2" gate="1"/><connect pad="3" pin="SS@3" gate="1"/><connect pad="4" pin="RAMP@4" gate="1"/><connect pad="5" pin="RT_SYNC@5" gate="1"/><connect pad="6" pin="GND@6" gate="1"/><connect pad="17" pin="EP@7" gate="1"/><connect pad="7" pin="COMP@8" gate="1"/><connect pad="8" pin="FB@9" gate="1"/><connect pad="9" pin="OUT@10" gate="1"/><connect pad="10" pin="RES_DITH@11" gate="1"/><connect pad="11" pin="CSG@12" gate="1"/><connect pad="12" pin="CS@13" gate="1"/><connect pad="13" pin="SW@14" gate="1"/><connect pad="14" pin="HG@15" gate="1"/><connect pad="15" pin="BOOT@16" gate="1"/><connect pad="16" pin="VCC@17" gate="1"/></connects><technologies><technology name=""><attribute name="Datasheet_URL" value="http://www.ti.com/product/lm5088" constant="no"/><attribute name="Frequency" value="1000000.0" constant="no"/><attribute name="Imax" value="10.0" constant="no"/><attribute name="Package" value="NA" constant="no"/><attribute name="Mktg_Package" value="NA" constant="no"/><attribute name="NSID" value="LM5088MH-2/NOPB" constant="no"/><attribute name="Manufacturer_Part_Number" value="LM5088MH-1" constant="no"/><attribute name="Vendor" value="Texas Instruments" constant="no"/><attribute name="Manufacturer_Name" value="Texas Instruments" constant="no"/></technology></technologies></device></devices></deviceset><deviceset name="UMK105CG181JV-F" prefix=""><gates><gate name="1" addlevel="always" y="0" x="0" symbol="UMK105CG181JV-F@1"/></gates><devices><device name="UMK105CG181JV-F" package="0402"><connects><connect pad="1" pin="1@1" gate="1"/><connect pad="2" pin="2@2" gate="1"/></connects><technologies><technology name=""><attribute name="Datasheet_URL" value="http://media.digikey.com/pdf/Data%2520Sheets/Taiyo%2520Yuden%2520PDFs%2520URL%2520links/Standard%2520Multilayer%2520Ceramic%2520Caps.pdf" constant="no"/><attribute name="Cap" value="1.8E-10" constant="no"/><attribute name="ESR" value="0.0" constant="no"/><attribute name="IRMS" value="0.0" constant="no"/><attribute name="VDC" value="50.0" constant="no"/><attribute name="Manufacturer_Part_Number" value="UMK105CG181JV-F" constant="no"/><attribute name="Vendor" value="Taiyo Yuden" constant="no"/><attribute name="Manufacturer_Name" value="Taiyo Yuden" constant="no"/></technology></technologies></device></devices></deviceset><deviceset name="CRCW040226K7FKED" prefix=""><gates><gate name="1" addlevel="always" y="0" x="0" symbol="CRCW040226K7FKED@1"/></gates><devices><device name="CRCW040226K7FKED" package="0402"><connects><connect pad="1" pin="1@1" gate="1"/><connect pad="2" pin="2@2" gate="1"/></connects><technologies><technology name=""><attribute name="Resistance" value="26700.0" constant="no"/><attribute name="Power" value="0.063" constant="no"/><attribute name="Tolerance" value="1.0" constant="no"/><attribute name="Manufacturer_Part_Number" value="CRCW040226K7FKED" constant="no"/><attribute name="Vendor" value="Vishay-Dale" constant="no"/><attribute name="Manufacturer_Name" value="Vishay-Dale" constant="no"/></technology></technologies></device></devices></deviceset><deviceset name="C0402C0G1C220K020BC" prefix=""><gates><gate name="1" addlevel="always" y="0" x="0" symbol="C0402C0G1C220K020BC@1"/></gates><devices><device name="C0402C0G1C220K020BC" package="01005"><connects><connect pad="1" pin="1@1" gate="1"/><connect pad="2" pin="2@2" gate="1"/></connects><technologies><technology name=""><attribute name="Datasheet_URL" value="http://product.tdk.com/capacitor/mlcc/en/documents/mlcc%5Fcommercial%5Fgeneral%5Fen.pdf" constant="no"/><attribute name="Cap" value="2.2E-11" constant="no"/><attribute name="ESR" value="0.0" constant="no"/><attribute name="IRMS" value="0.0" constant="no"/><attribute name="VDC" value="16.0" constant="no"/><attribute name="Manufacturer_Part_Number" value="C0402C0G1C220K020BC" constant="no"/><attribute name="Vendor" value="TDK" constant="no"/><attribute name="Manufacturer_Name" value="TDK" constant="no"/></technology></technologies></device></devices></deviceset><deviceset name="CRCW04024K42FKED" prefix=""><gates><gate name="1" addlevel="always" y="0" x="0" symbol="CRCW04024K42FKED@1"/></gates><devices><device name="CRCW04024K42FKED" package="0402"><connects><connect pad="1" pin="1@1" gate="1"/><connect pad="2" pin="2@2" gate="1"/></connects><technologies><technology name=""><attribute name="Resistance" value="4420.0" constant="no"/><attribute name="Power" value="0.063" constant="no"/><attribute name="Tolerance" value="1.0" constant="no"/><attribute name="Manufacturer_Part_Number" value="CRCW04024K42FKED" constant="no"/><attribute name="Vendor" value="Vishay-Dale" constant="no"/><attribute name="Manufacturer_Name" value="Vishay-Dale" constant="no"/></technology></technologies></device></devices></deviceset><deviceset name="0101YA120JAT2A" prefix=""><gates><gate name="1" addlevel="always" y="0" x="0" symbol="0101YA120JAT2A@1"/></gates><devices><device name="0101YA120JAT2A" package="01005"><connects><connect pad="1" pin="1@1" gate="1"/><connect pad="2" pin="2@2" gate="1"/></connects><technologies><technology name=""><attribute name="Datasheet_URL" value="http://www.avx.com/docs/Catalogs/ccog.pdf" constant="no"/><attribute name="Cap" value="1.2E-10" constant="no"/><attribute name="ESR" value="0.0" constant="no"/><attribute name="IRMS" value="0.0" constant="no"/><attribute name="VDC" value="16.0" constant="no"/><attribute name="Manufacturer_Part_Number" value="0101YA120JAT2A" constant="no"/><attribute name="Vendor" value="AVX" constant="no"/><attribute name="Manufacturer_Name" value="AVX" constant="no"/></technology></technologies></device></devices></deviceset><deviceset name="WB_BATTERY" prefix=""><gates><gate name="1" addlevel="always" y="0" x="0" symbol="WB_BATTERY@1"/></gates><devices><device name="WB_BATTERY" package="WB_BATTERY"><connects><connect pad="1" pin="+@1" gate="1"/><connect pad="2" pin="-@2" gate="1"/></connects><technologies><technology name=""><attribute name="Value" value="Value" constant="no"/><attribute name="Manufacturer_Part_Number" value="WB_BATTERY" constant="no"/><attribute name="Manufacturer_Name" value="WB_BATTERY" constant="no"/><attribute name="PowerPortType" value="POWER_GROUND" constant="no"/></technology></technologies></device></devices></deviceset><deviceset name="WB_CURRENT_LOAD" prefix=""><gates><gate name="1" addlevel="always" y="0" x="0" symbol="WB_CURRENT_LOAD@1"/></gates><devices><device name="WB_CURRENT_LOAD" package="WB_CURRENT_LOAD"><connects><connect pad="1" pin="+@1" gate="1"/><connect pad="2" pin="-@2" gate="1"/></connects><technologies><technology name=""><attribute name="Value" value="Value" constant="no"/><attribute name="Manufacturer_Part_Number" value="WB_CURRENT_LOAD" constant="no"/><attribute name="Manufacturer_Name" value="WB_CURRENT_LOAD" constant="no"/><attribute name="PowerPortType" value="POWER_GROUND" constant="no"/></technology></technologies></device></devices></deviceset></devicesets></library></libraries><attributes/><variantdefs/><classes><class number="0" name="default" width="0" drill="0"/></classes><parts><part name="CBOOT" library="AcceleratedDesigns_Lib" device="GRM155R71C104KA88D" deviceset="GRM155R71C104KA88D" value="100nF"/><part name="CDTHR" library="AcceleratedDesigns_Lib" device="GRM033R60J223KE01D" deviceset="GRM033R60J223KE01D" value="22nF"/><part name="CFT" library="AcceleratedDesigns_Lib" device="GRM188R71H683KA93D" deviceset="GRM188R71H683KA93D" value="68nF"/><part name="CIN" library="AcceleratedDesigns_Lib" device="C1005X7S1A225K050BC" deviceset="C1005X7S1A225K050BC" value="2.2uF"/><part name="CINX" library="AcceleratedDesigns_Lib" device="GRM155R71A104KA01D" deviceset="GRM155R71A104KA01D" value="100nF"/><part name="CIO" library="AcceleratedDesigns_Lib" device="C1608X5R1H105K080AB" deviceset="C1608X5R1H105K080AB" value="1uF"/><part name="COUT" library="AcceleratedDesigns_Lib" device="C5750X7S2A156M250KB" deviceset="C5750X7S2A156M250KB" value="15uF"/><part name="COUTX" library="AcceleratedDesigns_Lib" device="C1608X5R1H105K080AB" deviceset="C1608X5R1H105K080AB" value="1uF"/><part name="CRAMP" library="AcceleratedDesigns_Lib" device="CL02C101JQ2ANNC" deviceset="CL02C101JQ2ANNC" value="100pF"/><part name="CSS" library="AcceleratedDesigns_Lib" device="GRM155R71E333KA88D" deviceset="GRM155R71E333KA88D" value="33nF"/><part name="CVCC" library="AcceleratedDesigns_Lib" device="C1005X5R1V225K050BC" deviceset="C1005X5R1V225K050BC" value="2.2uF"/><part name="D1" library="AcceleratedDesigns_Lib" device="PDS760-13" deviceset="PDS760-13" value="560mV"/><part name="GND1" library="AcceleratedDesigns_Lib" device="WB_GND" deviceset="WB_GND" value="WB_GND"/><part name="GND2" library="AcceleratedDesigns_Lib" device="WB_GND" deviceset="WB_GND" value="WB_GND"/><part name="L1" library="AcceleratedDesigns_Lib" device="XAL6030-122MEB" deviceset="XAL6030-122MEB" value="1.2uH"/><part name="M1" library="AcceleratedDesigns_Lib" device="FDD8647L" deviceset="FDD8647L" value="40V"/><part name="RFBB" library="AcceleratedDesigns_Lib" device="CRCW04021K65FKED" deviceset="CRCW04021K65FKED" value="1.65k"/><part name="RFBT" library="AcceleratedDesigns_Lib" device="CRCW040235K7FKED" deviceset="CRCW040235K7FKED" value="35.7k"/><part name="RRAMP" library="AcceleratedDesigns_Lib" device="CRCW040241K2FKED" deviceset="CRCW040241K2FKED" value="41.2k"/><part name="RSENSE" library="AcceleratedDesigns_Lib" device="PRL1632-R006-F-T1" deviceset="PRL1632-R006-F-T1" value="6m"/><part name="RT" library="AcceleratedDesigns_Lib" device="CRCW04024K87FKED" deviceset="CRCW04024K87FKED" value="4.87k"/><part name="RUV1" library="AcceleratedDesigns_Lib" device="CRCW04023K57FKED" deviceset="CRCW04023K57FKED" value="3.57k"/><part name="RUV2" library="AcceleratedDesigns_Lib" device="RC0201FR-0710KL" deviceset="RC0201FR-0710KL" value="10k"/><part name="U1" library="AcceleratedDesigns_Lib" device="LM25088MH-1/NOPB" deviceset="LM25088MH-1/NOPB" value="LM25088MH-1/NOPB"/><part name="CCOMP" library="AcceleratedDesigns_Lib" device="UMK105CG181JV-F" deviceset="UMK105CG181JV-F" value="180pF"/><part name="RCOMP" library="AcceleratedDesigns_Lib" device="CRCW040226K7FKED" deviceset="CRCW040226K7FKED" value="26.7k"/><part name="CCOMP2" library="AcceleratedDesigns_Lib" device="C0402C0G1C220K020BC" deviceset="C0402C0G1C220K020BC" value="22pF"/><part name="RCOMP2" library="AcceleratedDesigns_Lib" device="CRCW04024K42FKED" deviceset="CRCW04024K42FKED" value="4.42k"/><part name="CCOMP3" library="AcceleratedDesigns_Lib" device="0101YA120JAT2A" deviceset="0101YA120JAT2A" value="120pF"/><part name="VIN" library="AcceleratedDesigns_Lib" device="WB_BATTERY" deviceset="WB_BATTERY" value="WB_BATTERY"/><part name="IOUT" library="AcceleratedDesigns_Lib" device="WB_CURRENT_LOAD" deviceset="WB_CURRENT_LOAD" value="WB_CURRENT_LOAD"/></parts><sheets><sheet><plain/><instances><instance part="Cboot" gate="1" x="222.25" y="137.16" rot="R270" smashed="yes"><attribute name="NAME" x="225.298" y="141.478" size="2" layer="95" rot="R0" align="bottom-left"/><attribute name="VALUE" x="225.298" y="136.906" size="2" layer="96" rot="R0" align="bottom-left"/></instance><instance part="Cdthr" gate="1" x="106.68" y="121.92" rot="R90" smashed="yes"><attribute name="NAME" x="109.728" y="126.238" size="2" layer="95" rot="R0" align="bottom-left"/><attribute name="VALUE" x="109.728" y="121.666" size="2" layer="96" rot="R0" align="bottom-left"/></instance><instance part="Cft" gate="1" x="72.39" y="66.04" rot="R90" smashed="yes"><attribute name="NAME" x="75.438" y="70.358" size="2" layer="95" rot="R0" align="bottom-left"/><attribute name="VALUE" x="75.438" y="65.786" size="2" layer="96" rot="R0" align="bottom-left"/></instance><instance part="Cin" gate="1" x="49.53" y="78.74" rot="R90" smashed="yes"><attribute name="NAME" x="52.578" y="83.058" size="2" layer="95" rot="R0" align="bottom-left"/><attribute name="VALUE" x="52.578" y="78.486" size="2" layer="96" rot="R0" align="bottom-left"/></instance><instance part="Cinx" gate="1" x="66.04" y="115.57" rot="R90" smashed="yes"><attribute name="NAME" x="69.088" y="119.888" size="2" layer="95" rot="R0" align="bottom-left"/><attribute name="VALUE" x="69.088" y="115.316" size="2" layer="96" rot="R0" align="bottom-left"/></instance><instance part="Cio" gate="1" x="300.99" y="132.08" rot="R90" smashed="yes"><attribute name="NAME" x="304.038" y="136.398" size="2" layer="95" rot="R0" align="bottom-left"/><attribute name="VALUE" x="304.038" y="131.826" size="2" layer="96" rot="R0" align="bottom-left"/></instance><instance part="Cout" gate="1" x="306.07" y="60.96" rot="R90" smashed="yes"><attribute name="NAME" x="309.118" y="65.278" size="2" layer="95" rot="R0" align="bottom-left"/><attribute name="VALUE" x="309.118" y="60.706" size="2" layer="96" rot="R0" align="bottom-left"/></instance><instance part="Coutx" gate="1" x="326.39" y="60.96" rot="R90" smashed="yes"><attribute name="NAME" x="329.438" y="65.278" size="2" layer="95" rot="R0" align="bottom-left"/><attribute name="VALUE" x="329.438" y="60.706" size="2" layer="96" rot="R0" align="bottom-left"/></instance><instance part="Cramp" gate="1" x="135.89" y="55.88" rot="R90" smashed="yes"><attribute name="NAME" x="138.938" y="60.198" size="2" layer="95" rot="R0" align="bottom-left"/><attribute name="VALUE" x="138.938" y="55.626" size="2" layer="96" rot="R0" align="bottom-left"/></instance><instance part="Css" gate="1" x="168.91" y="48.26" rot="R90" smashed="yes"><attribute name="NAME" x="171.958" y="52.578" size="2" layer="95" rot="R0" align="bottom-left"/><attribute name="VALUE" x="171.958" y="48.006" size="2" layer="96" rot="R0" align="bottom-left"/></instance><instance part="Cvcc" gate="1" x="114.3" y="81.28" rot="R90" smashed="yes"><attribute name="NAME" x="117.348" y="85.598" size="2" layer="95" rot="R0" align="bottom-left"/><attribute name="VALUE" x="117.348" y="81.026" size="2" layer="96" rot="R0" align="bottom-left"/></instance><instance part="D1" gate="1" x="240.03" y="109.22" rot="R270" smashed="yes"><attribute name="NAME" x="243.078" y="113.538" size="2" layer="95" rot="R0" align="bottom-left"/><attribute name="VALUE" x="243.078" y="108.966" size="2" layer="96" rot="R0" align="bottom-left"/></instance><instance part="GND1" gate="1" x="336.55" y="78.74" rot="R0" smashed="yes"><attribute name="NAME" x="336.55" y="84.328" size="2" layer="95" display="off" rot="R0" align="bottom-center"/></instance><instance part="GND2" gate="1" x="57.15" y="50.8" rot="R0" smashed="yes"><attribute name="NAME" x="57.15" y="56.388" size="2" layer="95" display="off" rot="R0" align="bottom-center"/></instance><instance part="L1" gate="1" x="273.05" y="111.76" rot="R0" smashed="yes"><attribute name="NAME" x="273.05" y="116.078" size="2" layer="95" rot="R0" align="bottom-center"/><attribute name="VALUE" x="273.05" y="106.68" size="2" layer="96" rot="R0" align="bottom-center"/></instance><instance part="M1" gate="1" x="233.68" y="124.46" rot="R0" smashed="yes"><attribute name="NAME" x="233.68" y="132.08" size="2" layer="95" rot="R0" align="top-center"/><attribute name="VALUE" x="233.68" y="116.84" size="2" layer="96" rot="R0" align="bottom-center"/></instance><instance part="Rfbb" gate="1" x="283.21" y="45.72" rot="R90" smashed="yes"><attribute name="NAME" x="284.734" y="48.514" size="2" layer="95" rot="R0" align="bottom-left"/><attribute name="VALUE" x="284.734" y="43.942" size="2" layer="96" rot="R0" align="bottom-left"/></instance><instance part="Rfbt" gate="1" x="283.21" y="86.36" rot="R90" smashed="yes"><attribute name="NAME" x="284.734" y="89.154" size="2" layer="95" rot="R0" align="bottom-left"/><attribute name="VALUE" x="284.734" y="84.582" size="2" layer="96" rot="R0" align="bottom-left"/></instance><instance part="Rramp" gate="1" x="135.89" y="96.52" rot="R90" smashed="yes"><attribute name="NAME" x="137.414" y="99.314" size="2" layer="95" rot="R0" align="bottom-left"/><attribute name="VALUE" x="137.414" y="94.742" size="2" layer="96" rot="R0" align="bottom-left"/></instance><instance part="Rsense" gate="1" x="240.03" y="93.98" rot="R90" smashed="yes"><attribute name="NAME" x="241.554" y="96.774" size="2" layer="95" rot="R0" align="bottom-left"/><attribute name="VALUE" x="241.554" y="92.202" size="2" layer="96" rot="R0" align="bottom-left"/></instance><instance part="Rt" gate="1" x="153.67" y="55.88" rot="R90" smashed="yes"><attribute name="NAME" x="155.194" y="58.674" size="2" layer="95" rot="R0" align="bottom-left"/><attribute name="VALUE" x="155.194" y="54.102" size="2" layer="96" rot="R0" align="bottom-left"/></instance><instance part="Ruv1" gate="1" x="90.17" y="86.36" rot="R90" smashed="yes"><attribute name="NAME" x="91.694" y="89.154" size="2" layer="95" rot="R0" align="bottom-left"/><attribute name="VALUE" x="91.694" y="84.582" size="2" layer="96" rot="R0" align="bottom-left"/></instance><instance part="Ruv2" gate="1" x="90.17" y="142.24" rot="R90" smashed="yes"><attribute name="NAME" x="91.694" y="145.034" size="2" layer="95" rot="R0" align="bottom-left"/><attribute name="VALUE" x="91.694" y="140.462" size="2" layer="96" rot="R0" align="bottom-left"/></instance><instance part="U1" gate="1" x="191.77" y="99.06" rot="R0" smashed="yes"><attribute name="NAME" x="191.77" y="99.06" size="2" layer="95" rot="R0" align="bottom-center"/><attribute name="TYPE" x="191.77" y="95.25" size="2" layer="96" rot="R0" align="bottom-center"/></instance><instance part="Ccomp" gate="1" x="224.79" y="35.56" rot="R180" smashed="yes"><attribute name="NAME" x="224.79" y="41.656" size="2" layer="95" rot="R0" align="bottom-center"/><attribute name="VALUE" x="224.79" y="28.702" size="2" layer="96" rot="R0" align="bottom-center"/></instance><instance part="Rcomp" gate="1" x="209.55" y="35.56" rot="R180" smashed="yes"><attribute name="NAME" x="209.55" y="40.132" size="2" layer="95" rot="R0" align="bottom-center"/><attribute name="VALUE" x="209.55" y="30.226" size="2" layer="96" rot="R0" align="bottom-center"/></instance><instance part="Ccomp2" gate="1" x="217.17" y="45.72" rot="R180" smashed="yes"><attribute name="NAME" x="217.17" y="51.816" size="2" layer="95" rot="R0" align="bottom-center"/><attribute name="VALUE" x="217.17" y="38.862" size="2" layer="96" rot="R0" align="bottom-center"/></instance><instance part="Rcomp2" gate="1" x="265.43" y="88.9" rot="R90" smashed="yes"><attribute name="NAME" x="266.954" y="91.694" size="2" layer="95" rot="R0" align="bottom-left"/><attribute name="VALUE" x="266.954" y="87.122" size="2" layer="96" rot="R0" align="bottom-left"/></instance><instance part="Ccomp3" gate="1" x="265.43" y="73.66" rot="R90" smashed="yes"><attribute name="NAME" x="268.478" y="77.978" size="2" layer="95" rot="R0" align="bottom-left"/><attribute name="VALUE" x="268.478" y="73.406" size="2" layer="96" rot="R0" align="bottom-left"/></instance><instance part="Vin" gate="1" x="29.21" y="91.44" rot="R270" smashed="yes"><attribute name="NAME" x="33.02" y="96.52" size="2" layer="95" rot="R0" align="bottom-left"/></instance><instance part="Iout" gate="1" x="346.71" y="45.72" rot="R270" smashed="yes"><attribute name="NAME" x="350.774" y="51.054" size="2" layer="95" rot="R0" align="bottom-left"/></instance></instances><busses/><nets><net name="13" class="0"><segment><pinref part="Cboot" pin="1@1" gate="1"/><pinref part="D1" pin="K@2" gate="1"/><pinref part="L1" pin="1@1" gate="1"/><pinref part="M1" pin="Source@3" gate="1"/><pinref part="U1" pin="SW@14" gate="1"/><wire x1="214.63" y1="116.84" x2="252.73" y2="116.84" width="0" layer="91"/><wire x1="222.25" y1="116.84" x2="222.25" y2="129.54" width="0" layer="91"/><wire x1="252.73" y1="116.84" x2="252.73" y2="111.76" width="0" layer="91"/><wire x1="252.73" y1="111.76" x2="265.43" y2="111.76" width="0" layer="91"/></segment></net><net name="14" class="0"><segment><pinref part="Cboot" pin="2@2" gate="1"/><pinref part="U1" pin="BOOT@16" gate="1"/><wire x1="214.63" y1="134.62" x2="214.63" y2="144.78" width="0" layer="91"/><wire x1="214.63" y1="144.78" x2="222.25" y2="144.78" width="0" layer="91"/></segment></net><net name="4" class="0"><segment><pinref part="Cdthr" pin="1@1" gate="1"/><pinref part="U1" pin="RES_DITH@11" gate="1"/><wire x1="106.68" y1="129.54" x2="168.91" y2="129.54" width="0" layer="91"/></segment></net><net name="5" class="0"><segment><pinref part="Cdthr" pin="2@2" gate="1"/><pinref part="Cft" pin="2@2" gate="1"/><pinref part="Cio" pin="2@2" gate="1"/><pinref part="Cout" pin="2@2" gate="1"/><pinref part="Coutx" pin="2@2" gate="1"/><pinref part="Cramp" pin="2@2" gate="1"/><pinref part="Css" pin="2@2" gate="1"/><pinref part="Cvcc" pin="2@2" gate="1"/><pinref part="Rfbb" pin="2@2" gate="1"/><pinref part="Rsense" pin="2@2" gate="1"/><pinref part="Rt" pin="2@2" gate="1"/><pinref part="Ruv1" pin="2@2" gate="1"/><pinref part="U1" pin="EP@7" gate="1"/><pinref part="U1" pin="GND@6" gate="1"/><pinref part="U1" pin="CSG@12" gate="1"/><pinref part="Iout" pin="-@2" gate="1"/><wire x1="72.39" y1="58.42" x2="72.39" y2="25.4" width="0" layer="91"/><wire x1="90.17" y1="78.74" x2="90.17" y2="25.4" width="0" layer="91"/><wire x1="106.68" y1="114.3" x2="106.68" y2="25.4" width="0" layer="91"/><wire x1="114.3" y1="73.66" x2="114.3" y2="25.4" width="0" layer="91"/><wire x1="135.89" y1="48.26" x2="135.89" y2="25.4" width="0" layer="91"/><wire x1="153.67" y1="48.26" x2="153.67" y2="25.4" width="0" layer="91"/><wire x1="168.91" y1="40.64" x2="168.91" y2="25.4" width="0" layer="91"/><wire x1="184.15" y1="58.42" x2="184.15" y2="25.4" width="0" layer="91"/><wire x1="214.63" y1="86.36" x2="240.03" y2="86.36" width="0" layer="91"/><wire x1="240.03" y1="86.36" x2="240.03" y2="25.4" width="0" layer="91"/><wire x1="283.21" y1="25.4" x2="283.21" y2="38.1" width="0" layer="91"/><wire x1="300.99" y1="124.46" x2="300.99" y2="25.4" width="0" layer="91"/><wire x1="318.77" y1="53.34" x2="318.77" y2="25.4" width="0" layer="91"/><wire x1="326.39" y1="53.34" x2="306.07" y2="53.34" width="0" layer="91"/><wire x1="72.39" y1="25.4" x2="346.71" y2="25.4" width="0" layer="91"/><wire x1="346.71" y1="25.4" x2="346.71" y2="38.1" width="0" layer="91"/></segment></net><net name="6" class="0"><segment><pinref part="Cft" pin="1@1" gate="1"/><pinref part="Ruv1" pin="1@1" gate="1"/><pinref part="Ruv2" pin="2@2" gate="1"/><pinref part="U1" pin="EN@2" gate="1"/><wire x1="72.39" y1="99.06" x2="72.39" y2="73.66" width="0" layer="91"/><wire x1="90.17" y1="93.98" x2="90.17" y2="134.62" width="0" layer="91"/><wire x1="90.17" y1="99.06" x2="72.39" y2="99.06" width="0" layer="91"/><wire x1="168.91" y1="134.62" x2="90.17" y2="134.62" width="0" layer="91"/></segment></net><net name="3" class="0"><segment><pinref part="Cin" pin="1@1" gate="1"/><pinref part="Cinx" pin="1@1" gate="1"/><pinref part="Cio" pin="1@1" gate="1"/><pinref part="M1" pin="Drain@1" gate="1"/><pinref part="Ruv2" pin="1@1" gate="1"/><pinref part="U1" pin="VIN@1" gate="1"/><pinref part="Vin" pin="+@1" gate="1"/><wire x1="49.53" y1="86.36" x2="49.53" y2="152.4" width="0" layer="91"/><wire x1="49.53" y1="152.4" x2="300.99" y2="152.4" width="0" layer="91"/><wire x1="66.04" y1="123.19" x2="66.04" y2="152.4" width="0" layer="91"/><wire x1="90.17" y1="149.86" x2="90.17" y2="152.4" width="0" layer="91"/><wire x1="300.99" y1="139.7" x2="300.99" y2="152.4" width="0" layer="91"/><wire x1="191.77" y1="139.7" x2="191.77" y2="152.4" width="0" layer="91"/><wire x1="237.49" y1="132.08" x2="237.49" y2="152.4" width="0" layer="91"/><wire x1="29.21" y1="111.76" x2="49.53" y2="111.76" width="0" layer="91"/><wire x1="29.21" y1="99.06" x2="29.21" y2="111.76" width="0" layer="91"/></segment></net><net name="0" class="0"><segment><pinref part="Cin" pin="2@2" gate="1"/><pinref part="Cinx" pin="2@2" gate="1"/><pinref part="Cout" pin="1@1" gate="1"/><pinref part="Coutx" pin="1@1" gate="1"/><pinref part="GND1" pin="1@1" gate="1"/><pinref part="GND2" pin="1@1" gate="1"/><pinref part="L1" pin="2@2" gate="1"/><pinref part="Rfbt" pin="1@1" gate="1"/><pinref part="U1" pin="OUT@10" gate="1"/><pinref part="Rcomp2" pin="1@1" gate="1"/><pinref part="Vin" pin="-@2" gate="1"/><pinref part="Iout" pin="+@1" gate="1"/><wire x1="265.43" y1="96.52" x2="265.43" y2="99.06" width="0" layer="91"/><wire x1="49.53" y1="55.88" x2="49.53" y2="71.12" width="0" layer="91"/><wire x1="57.15" y1="53.34" x2="57.15" y2="55.88" width="0" layer="91"/><wire x1="66.04" y1="55.88" x2="66.04" y2="107.95" width="0" layer="91"/><wire x1="214.63" y1="76.2" x2="255.27" y2="76.2" width="0" layer="91"/><wire x1="255.27" y1="99.06" x2="255.27" y2="76.2" width="0" layer="91"/><wire x1="280.67" y1="111.76" x2="318.77" y2="111.76" width="0" layer="91"/><wire x1="283.21" y1="93.98" x2="283.21" y2="111.76" width="0" layer="91"/><wire x1="283.21" y1="99.06" x2="255.27" y2="99.06" width="0" layer="91"/><wire x1="326.39" y1="68.58" x2="306.07" y2="68.58" width="0" layer="91"/><wire x1="318.77" y1="68.58" x2="318.77" y2="111.76" width="0" layer="91"/><wire x1="318.77" y1="81.28" x2="346.71" y2="81.28" width="0" layer="91"/><wire x1="29.21" y1="55.88" x2="66.04" y2="55.88" width="0" layer="91"/><wire x1="29.21" y1="55.88" x2="29.21" y2="83.82" width="0" layer="91"/><wire x1="346.71" y1="53.34" x2="346.71" y2="81.28" width="0" layer="91"/></segment></net><net name="8" class="0"><segment><pinref part="Cramp" pin="1@1" gate="1"/><pinref part="Rramp" pin="2@2" gate="1"/><pinref part="U1" pin="RAMP@4" gate="1"/><wire x1="135.89" y1="88.9" x2="135.89" y2="63.5" width="0" layer="91"/><wire x1="168.91" y1="83.82" x2="135.89" y2="83.82" width="0" layer="91"/></segment></net><net name="10" class="0"><segment><pinref part="Css" pin="1@1" gate="1"/><pinref part="U1" pin="SS@3" gate="1"/><wire x1="168.91" y1="55.88" x2="168.91" y2="68.58" width="0" layer="91"/><wire x1="171.45" y1="68.58" x2="168.91" y2="68.58" width="0" layer="91"/></segment></net><net name="7" class="0"><segment><pinref part="Cvcc" pin="1@1" gate="1"/><pinref part="Rramp" pin="1@1" gate="1"/><pinref part="U1" pin="VCC@17" gate="1"/><wire x1="114.3" y1="88.9" x2="114.3" y2="104.14" width="0" layer="91"/><wire x1="168.91" y1="104.14" x2="114.3" y2="104.14" width="0" layer="91"/></segment></net><net name="11" class="0"><segment><pinref part="D1" pin="A@1" gate="1"/><pinref part="D1" pin="A@3" gate="1"/><pinref part="Rsense" pin="1@1" gate="1"/><pinref part="U1" pin="CS@13" gate="1"/><wire x1="214.63" y1="101.6" x2="240.03" y2="101.6" width="0" layer="91"/></segment></net><net name="12" class="0"><segment><pinref part="M1" pin="Gate@2" gate="1"/><pinref part="U1" pin="HG@15" gate="1"/><wire x1="214.63" y1="124.46" x2="229.87" y2="124.46" width="0" layer="91"/></segment></net><net name="1" class="0"><segment><pinref part="Rfbb" pin="1@1" gate="1"/><pinref part="Rfbt" pin="2@2" gate="1"/><pinref part="U1" pin="FB@9" gate="1"/><pinref part="Ccomp" pin="2@2" gate="1"/><pinref part="Ccomp2" pin="2@2" gate="1"/><pinref part="Ccomp3" pin="2@2" gate="1"/><wire x1="232.41" y1="35.56" x2="234.95" y2="35.56" width="0" layer="91"/><wire x1="224.79" y1="45.72" x2="234.95" y2="45.72" width="0" layer="91"/><wire x1="265.43" y1="66.04" x2="265.43" y2="63.5" width="0" layer="91"/><wire x1="214.63" y1="68.58" x2="255.27" y2="68.58" width="0" layer="91"/><wire x1="234.95" y1="35.56" x2="234.95" y2="68.58" width="0" layer="91"/><wire x1="255.27" y1="63.5" x2="255.27" y2="68.58" width="0" layer="91"/><wire x1="283.21" y1="63.5" x2="255.27" y2="63.5" width="0" layer="91"/><wire x1="283.21" y1="78.74" x2="283.21" y2="53.34" width="0" layer="91"/></segment></net><net name="9" class="0"><segment><pinref part="Rt" pin="1@1" gate="1"/><pinref part="U1" pin="RT_SYNC@5" gate="1"/><wire x1="153.67" y1="63.5" x2="153.67" y2="76.2" width="0" layer="91"/><wire x1="168.91" y1="76.2" x2="153.67" y2="76.2" width="0" layer="91"/></segment></net><net name="2" class="0"><segment><pinref part="U1" pin="COMP@8" gate="1"/><pinref part="Rcomp" pin="1@1" gate="1"/><pinref part="Ccomp2" pin="1@1" gate="1"/><wire x1="201.93" y1="35.56" x2="199.39" y2="35.56" width="0" layer="91"/><wire x1="209.55" y1="45.72" x2="199.39" y2="45.72" width="0" layer="91"/><wire x1="199.39" y1="35.56" x2="199.39" y2="58.42" width="0" layer="91"/></segment></net><net name="15" class="0"><segment><pinref part="Ccomp" pin="1@1" gate="1"/><pinref part="Rcomp" pin="2@2" gate="1"/><wire x1="217.17" y1="35.56" x2="217.17" y2="35.56" width="0" layer="91"/></segment></net><net name="16" class="0"><segment><pinref part="Rcomp2" pin="2@2" gate="1"/><pinref part="Ccomp3" pin="1@1" gate="1"/><wire x1="265.43" y1="81.28" x2="265.43" y2="81.28" width="0" layer="91"/></segment></net></nets></sheet></sheets></schematic></drawing></eagle>
